timestamp,sensor_id,distance_mm,valid
1790099642.362,distance_sensor_2,162,True
1790099643.399,distance_sensor_2,168,True
1790099647.315,distance_sensor_2,163,True
1790099647.726,distance_sensor_2,171,True
1790099648.976,distance_sensor_2,166,True
1790099651.244,distance_sensor_2,171,True
1790099653.752,distance_sensor_2,164,True
1790099654.769,distance_sensor_2,164,True
1790099654.770,distance_sensor_2,169,True
1790099655.192,distance_sensor_2,164,True
1790099658.312,distance_sensor_2,171,True
1790099658.728,distance_sensor_2,162,True
1790099660.184,distance_sensor_2,167,True
1790099668.669,distance_sensor_2,172,True
1790099670.128,distance_sensor_2,164,True
1790099671.793,distance_sensor_2,170,True
1790099674.695,distance_sensor_2,164,True
1790099675.110,distance_sensor_2,164,True
1790099678.649,distance_sensor_2,169,True
1790099679.660,distance_sensor_2,164,True
1790099681.722,distance_sensor_2,169,True
1790099684.214,distance_sensor_2,162,True
1790099688.148,distance_sensor_2,168,True
1790099689.580,distance_sensor_2,162,True
1790099690.186,distance_sensor_2,168,True
1790099695.548,distance_sensor_2,168,True
1790099700.545,distance_sensor_2,163,True
1790099702.025,distance_sensor_2,169,True
1790099704.521,distance_sensor_2,175,True
1790099706.601,distance_sensor_2,180,True
1790099707.016,distance_sensor_2,172,True
1790099707.433,distance_sensor_2,180,True
1790099710.553,distance_sensor_2,166,True
1790099711.593,distance_sensor_2,172,True
1790099714.504,distance_sensor_2,167,True
1790099715.961,distance_sensor_2,167,True
1790099715.961,distance_sensor_2,172,True
1790099718.881,distance_sensor_2,167,True
1790099720.545,distance_sensor_2,183,True
1790099720.961,distance_sensor_2,189,True
1790099722.001,distance_sensor_2,163,True
1790099722.417,distance_sensor_2,172,True
1790099723.465,distance_sensor_2,179,True
1790099724.505,distance_sensor_2,58,True
1790099724.922,distance_sensor_2,143,True
1790099725.339,distance_sensor_2,165,True
1790099725.966,distance_sensor_2,171,True
1790099729.506,distance_sensor_2,166,True
1790099731.792,distance_sensor_2,171,True
1790099732.417,distance_sensor_2,166,True
1790099732.832,distance_sensor_2,171,True
1790099736.369,distance_sensor_2,171,True
1790099738.864,distance_sensor_2,162,True
1790099739.908,distance_sensor_2,289,True
1790099740.324,distance_sensor_2,189,True
1790099740.948,distance_sensor_2,170,True
1790099756.769,distance_sensor_2,170,True
1790099757.809,distance_sensor_2,161,True
1790099758.222,distance_sensor_2,171,True
1790099759.260,distance_sensor_2,165,True
1790099760.305,distance_sensor_2,170,True
1790099773.225,distance_sensor_2,164,True
1790099773.641,distance_sensor_2,170,True
1790099776.138,distance_sensor_2,164,True
1790099777.177,distance_sensor_2,164,True
1790099777.594,distance_sensor_2,169,True
1790099793.610,distance_sensor_2,181,True
1790099794.026,distance_sensor_2,174,True
1790099795.066,distance_sensor_2,166,True
1790099796.106,distance_sensor_2,199,True
1790099796.522,distance_sensor_2,207,True
1790099797.146,distance_sensor_2,216,True
1790099797.562,distance_sensor_2,216,True
1790099797.562,distance_sensor_2,172,True
1790099797.978,distance_sensor_2,166,True
1790099806.090,distance_sensor_2,697,True
1790099806.504,distance_sensor_2,564,True
1790099806.922,distance_sensor_2,86,True
1790099807.545,distance_sensor_2,137,True
1790099807.967,distance_sensor_2,119,True
1790099808.593,distance_sensor_2,109,True
1790099809.010,distance_sensor_2,66,True
1790099809.426,distance_sensor_2,60,True
1790099810.468,distance_sensor_2,92,True
1790099811.094,distance_sensor_2,134,True
1790099811.514,distance_sensor_2,145,True
1790099811.930,distance_sensor_2,125,True
1790099812.547,distance_sensor_2,250,True
1790099815.882,distance_sensor_2,255,True
1790099817.962,distance_sensor_2,255,True
1790099818.377,distance_sensor_2,249,True
1790099819.001,distance_sensor_2,255,True
1790099820.874,distance_sensor_2,249,True
1790099827.503,distance_sensor_2,249,True
1790099829.378,distance_sensor_2,255,True
1790099829.586,distance_sensor_2,244,True
1790099830.000,distance_sensor_2,254,True
1790099832.498,distance_sensor_2,247,True
1790099832.915,distance_sensor_2,253,True
1790099834.369,distance_sensor_2,240,True
1790099834.994,distance_sensor_2,251,True
1790099835.409,distance_sensor_2,258,True
1790099835.826,distance_sensor_2,250,True
1790099836.866,distance_sensor_2,256,True
1790099837.491,distance_sensor_2,249,True
1790099838.314,distance_sensor_2,249,True
1790099845.402,distance_sensor_2,254,True
1790099846.442,distance_sensor_2,244,True
1790099847.274,distance_sensor_2,251,True
1790099850.394,distance_sensor_2,246,True
1790099850.811,distance_sensor_2,252,True
1790099851.856,distance_sensor_2,247,True
1790099852.272,distance_sensor_2,261,True
1790099853.311,distance_sensor_2,239,True
1790099853.730,distance_sensor_2,247,True
1790099854.354,distance_sensor_2,256,True
1790099855.394,distance_sensor_2,249,True
1790099855.811,distance_sensor_2,312,True
1790099856.226,distance_sensor_2,332,True
1790099856.851,distance_sensor_2,274,True
1790099857.267,distance_sensor_2,246,True
1790099858.722,distance_sensor_2,246,True
1790099858.722,distance_sensor_2,316,True
1790099859.346,distance_sensor_2,244,True
1790099859.762,distance_sensor_2,267,True
1790099860.386,distance_sensor_2,243,True
1790099860.808,distance_sensor_2,238,True
1790099861.850,distance_sensor_2,246,True
1790099862.266,distance_sensor_2,233,True
1790099862.682,distance_sensor_2,217,True
1790099863.306,distance_sensor_2,128,True
1790099863.722,distance_sensor_2,151,True
1790099864.347,distance_sensor_2,207,True
1790099865.178,distance_sensor_2,172,True
1790099865.802,distance_sensor_2,199,True
1790099866.218,distance_sensor_2,8191,True
1790099868.298,distance_sensor_2,0,False
1790099868.715,distance_sensor_2,282,True
1790099869.340,distance_sensor_2,172,True
1790099869.756,distance_sensor_2,166,True
1790099870.798,distance_sensor_2,172,True
1790099872.682,distance_sensor_2,0,False
1790099873.307,distance_sensor_2,188,True
1790099873.723,distance_sensor_2,168,True
1790099874.138,distance_sensor_2,173,True
1790099876.651,distance_sensor_2,168,True
1790099877.699,distance_sensor_2,177,True
1790099878.739,distance_sensor_2,168,True
1790099879.154,distance_sensor_2,168,True
1790099881.659,distance_sensor_2,173,True
1790099882.274,distance_sensor_2,168,True
1790099885.186,distance_sensor_2,174,True
1790099885.602,distance_sensor_2,167,True
1790099890.603,distance_sensor_2,172,True
1790099894.563,distance_sensor_2,166,True
1790099895.187,distance_sensor_2,172,True
1790099896.019,distance_sensor_2,167,True
1790099897.688,distance_sensor_2,172,True
1790099898.107,distance_sensor_2,163,True
1790099898.523,distance_sensor_2,171,True
1790099899.562,distance_sensor_2,171,True
1790099900.603,distance_sensor_2,166,True
1790099902.061,distance_sensor_2,171,True
1790099910.995,distance_sensor_2,166,True
1790099914.123,distance_sensor_2,171,True
1790099914.539,distance_sensor_2,166,True
1790099915.579,distance_sensor_2,171,True
1790099918.895,distance_sensor_2,165,True
1790099919.945,distance_sensor_2,165,True
1790099921.403,distance_sensor_2,171,True
1790099924.511,distance_sensor_2,166,True
1790099926.368,distance_sensor_2,171,True
1790099936.349,distance_sensor_2,178,True
1790099936.974,distance_sensor_2,172,True
1790099940.309,distance_sensor_2,172,True
1790099940.935,distance_sensor_2,167,True
1790099942.411,distance_sensor_2,172,True
1790099942.828,distance_sensor_2,166,True
1790099943.871,distance_sensor_2,174,True
1790099944.288,distance_sensor_2,165,True
1790099946.371,distance_sensor_2,170,True
1790099953.887,distance_sensor_2,165,True
1790099954.305,distance_sensor_2,170,True
1790099960.772,distance_sensor_2,170,True
1790099965.356,distance_sensor_2,250,True
1790099965.772,distance_sensor_2,238,True
1790099966.812,distance_sensor_2,382,True
1790099967.228,distance_sensor_2,878,True
1790099967.853,distance_sensor_2,824,True
1790099968.271,distance_sensor_2,0,False
1790099969.733,distance_sensor_2,8191,True
1790099970.151,distance_sensor_2,207,True
1790099970.776,distance_sensor_2,127,True
1790099971.185,distance_sensor_2,86,True
1790099971.603,distance_sensor_2,93,True
1790099973.251,distance_sensor_2,85,True
1790099975.752,distance_sensor_2,90,True
1790099977.622,distance_sensor_2,83,True
1790099979.707,distance_sensor_2,88,True
1790099980.540,distance_sensor_2,102,True
1790099981.166,distance_sensor_2,102,True
1790099981.166,distance_sensor_2,91,True
1790099982.628,distance_sensor_2,86,True
1790099983.043,distance_sensor_2,78,True
1790099984.084,distance_sensor_2,71,True
1790099984.705,distance_sensor_2,163,True
1790099988.019,distance_sensor_2,155,True
1790099989.060,distance_sensor_2,161,True
1790099994.060,distance_sensor_2,140,True
1790099995.516,distance_sensor_2,95,True
1790099996.972,distance_sensor_2,159,True
1790099998.019,distance_sensor_2,165,True
1790100000.511,distance_sensor_2,159,True
1790100001.556,distance_sensor_2,159,True
1790100003.427,distance_sensor_2,358,True
1790100004.052,distance_sensor_2,257,True
1790100004.468,distance_sensor_2,212,True
1790100005.092,distance_sensor_2,186,True
1790100005.508,distance_sensor_2,216,True
1790100005.923,distance_sensor_2,116,True
1790100006.551,distance_sensor_2,86,True
1790100006.972,distance_sensor_2,75,True
1790100007.596,distance_sensor_2,57,True
1790100008.427,distance_sensor_2,48,True
1790100009.052,distance_sensor_2,53,True
1790100009.467,distance_sensor_2,119,True
1790100010.100,distance_sensor_2,161,True
1790100010.516,distance_sensor_2,84,True
1790100010.932,distance_sensor_2,174,True
1790100011.556,distance_sensor_2,131,True
1790100011.972,distance_sensor_2,148,True
1790100012.390,distance_sensor_2,223,True
1790100013.439,distance_sensor_2,93,True
1790100014.060,distance_sensor_2,55,True
1790100014.476,distance_sensor_2,48,True
1790100014.892,distance_sensor_2,144,True
1790100015.516,distance_sensor_2,215,True
1790100015.933,distance_sensor_2,228,True
1790100016.560,distance_sensor_2,219,True
1790100016.978,distance_sensor_2,245,True
1790100017.396,distance_sensor_2,237,True
1790100018.856,distance_sensor_2,194,True
1790100019.484,distance_sensor_2,236,True
1790100019.900,distance_sensor_2,231,True
1790100020.940,distance_sensor_2,237,True
1790100021.980,distance_sensor_2,237,True
1790100021.980,distance_sensor_2,231,True
1790100023.436,distance_sensor_2,251,True
1790100023.853,distance_sensor_2,226,True
1790100024.899,distance_sensor_2,221,True
1790100025.524,distance_sensor_2,226,True
1790100026.356,distance_sensor_2,213,True
1790100026.980,distance_sensor_2,265,True
1790100027.396,distance_sensor_2,494,True
1790100028.021,distance_sensor_2,8191,True
1790100028.436,distance_sensor_2,458,True
1790100028.852,distance_sensor_2,111,True
1790100029.478,distance_sensor_2,156,True
1790100029.896,distance_sensor_2,124,True
1790100031.981,distance_sensor_2,117,True
1790100032.813,distance_sensor_2,127,True
1790100033.436,distance_sensor_2,175,True
1790100033.868,distance_sensor_2,162,True
1790100034.493,distance_sensor_2,278,True
1790100034.909,distance_sensor_2,8191,True
1790100035.324,distance_sensor_2,238,True
1790100035.948,distance_sensor_2,199,True
1790100036.365,distance_sensor_2,322,True
1790100036.780,distance_sensor_2,212,True
1790100037.404,distance_sensor_2,120,True
1790100037.822,distance_sensor_2,104,True
1790100040.324,distance_sensor_2,110,True
1790100041.364,distance_sensor_2,697,True
1790100041.780,distance_sensor_2,163,True
1790100042.404,distance_sensor_2,163,True
1790100042.404,distance_sensor_2,8191,True
1790100043.444,distance_sensor_2,75,True
1790100043.861,distance_sensor_2,134,True
1790100044.276,distance_sensor_2,121,True
1790100044.901,distance_sensor_2,114,True
1790100046.772,distance_sensor_2,149,True
1790100047.396,distance_sensor_2,206,True
1790100047.812,distance_sensor_2,201,True
1790100048.228,distance_sensor_2,190,True
1790100049.268,distance_sensor_2,222,True
1790100049.893,distance_sensor_2,217,True
1790100052.389,distance_sensor_2,198,True
1790100052.814,distance_sensor_2,0,False
1790100053.236,distance_sensor_2,381,True
1790100053.861,distance_sensor_2,213,True
1790100054.901,distance_sensor_2,202,True
1790100055.316,distance_sensor_2,224,True
1790100055.732,distance_sensor_2,215,True
1790100056.356,distance_sensor_2,197,True
1790100057.188,distance_sensor_2,205,True
1790100057.812,distance_sensor_2,245,True
1790100058.228,distance_sensor_2,236,True
1790100058.850,distance_sensor_2,224,True
1790100060.301,distance_sensor_2,211,True
1790100060.717,distance_sensor_2,229,True
1790100061.340,distance_sensor_2,255,True
1790100061.756,distance_sensor_2,138,True
1790100062.797,distance_sensor_2,138,True
1790100064.673,distance_sensor_2,133,True
1790100065.301,distance_sensor_2,138,True
1790100070.693,distance_sensor_2,133,True
1790100071.317,distance_sensor_2,139,True
1790100075.693,distance_sensor_2,134,True
1790100076.108,distance_sensor_2,139,True
1790100080.269,distance_sensor_2,134,True
1790100081.724,distance_sensor_2,139,True
1790100083.181,distance_sensor_2,139,True
1790100088.589,distance_sensor_2,132,True
1790100089.215,distance_sensor_2,137,True
1790100093.180,distance_sensor_2,131,True
1790100093.597,distance_sensor_2,138,True
1790100102.135,distance_sensor_2,129,True
1790100102.557,distance_sensor_2,139,True
1790100103.598,distance_sensor_2,139,True
1790100103.599,distance_sensor_2,134,True
1790100105.061,distance_sensor_2,140,True
1790100105.477,distance_sensor_2,135,True
1790100106.101,distance_sensor_2,140,True
1790100107.141,distance_sensor_2,135,True
1790100124.022,distance_sensor_2,135,True
1790100126.518,distance_sensor_2,140,True
1790100129.023,distance_sensor_2,134,True
1790100129.853,distance_sensor_2,141,True
1790100130.477,distance_sensor_2,136,True
1790100130.894,distance_sensor_2,141,True
1790100133.389,distance_sensor_2,136,True
1790100142.966,distance_sensor_2,143,True
1790100143.381,distance_sensor_2,138,True
1790100143.797,distance_sensor_2,133,True
1790100144.421,distance_sensor_2,133,True
1790100144.421,distance_sensor_2,140,True
1790100149.429,distance_sensor_2,135,True
1790100151.726,distance_sensor_2,140,True
1790100160.555,distance_sensor_2,135,True
1790100164.701,distance_sensor_2,135,True
1790100185.118,distance_sensor_2,135,True
1790100192.198,distance_sensor_2,140,True
1790100193.030,distance_sensor_2,135,True
1790100193.654,distance_sensor_2,141,True
1790100194.071,distance_sensor_2,135,True
1790100205.526,distance_sensor_2,135,True
1790100214.046,distance_sensor_2,140,True
1790100215.078,distance_sensor_2,135,True
1790100225.933,distance_sensor_2,135,True
1790100233.406,distance_sensor_2,141,True
1790100234.448,distance_sensor_2,136,True
1790100246.319,distance_sensor_2,136,True
1790100266.735,distance_sensor_2,136,True
1790100267.151,distance_sensor_2,141,True
1790100268.191,distance_sensor_2,135,True
1790100271.311,distance_sensor_2,140,True
1790100271.729,distance_sensor_2,135,True
1790100287.133,distance_sensor_2,135,True
1790100287.133,distance_sensor_2,140,True
1790100290.043,distance_sensor_2,135,True
1790100295.054,distance_sensor_2,140,True
1790100296.089,distance_sensor_2,135,True
1790100300.029,distance_sensor_2,140,True
1790100303.983,distance_sensor_2,132,True
1790100306.463,distance_sensor_2,137,True
1790100307.504,distance_sensor_2,137,True
1790100327.903,distance_sensor_2,137,True
1790100348.304,distance_sensor_2,137,True
1790100368.696,distance_sensor_2,137,True
1790100389.128,distance_sensor_2,137,True
1790100398.501,distance_sensor_2,142,True
1790100399.128,distance_sensor_2,137,True
1790100400.583,distance_sensor_2,132,True
1790100401.624,distance_sensor_2,137,True
1790100409.488,distance_sensor_2,137,True
1790100419.889,distance_sensor_2,131,True
1790100420.510,distance_sensor_2,137,True
1790100423.416,distance_sensor_2,132,True
1790100423.832,distance_sensor_2,139,True
1790100427.368,distance_sensor_2,134,True
1790100429.864,distance_sensor_2,134,True
1790100431.328,distance_sensor_2,141,True
1790100432.369,distance_sensor_2,136,True
1790100450.281,distance_sensor_2,136,True
1790100451.737,distance_sensor_2,142,True
1790100452.777,distance_sensor_2,135,True
1790100466.747,distance_sensor_2,140,True
1790100467.163,distance_sensor_2,134,True
1790100470.708,distance_sensor_2,134,True
1790100472.585,distance_sensor_2,140,True
1790100473.625,distance_sensor_2,135,True
1790100490.473,distance_sensor_2,130,True
1790100491.100,distance_sensor_2,130,True
1790100491.101,distance_sensor_2,137,True
1790100511.305,distance_sensor_2,137,True
1790100524.418,distance_sensor_2,132,True
1790100525.882,distance_sensor_2,138,True
1790100531.713,distance_sensor_2,138,True
1790100534.426,distance_sensor_2,133,True
1790100535.257,distance_sensor_2,140,True
1790100536.298,distance_sensor_2,131,True
1790100536.922,distance_sensor_2,136,True
1790100552.128,distance_sensor_2,136,True
1790100572.530,distance_sensor_2,136,True
1790100585.656,distance_sensor_2,141,True
1790100586.490,distance_sensor_2,136,True
1790100592.954,distance_sensor_2,136,True
1790100610.850,distance_sensor_2,131,True
1790100611.890,distance_sensor_2,137,True
1790100613.346,distance_sensor_2,137,True
1790100623.346,distance_sensor_2,131,True
1790100623.977,distance_sensor_2,139,True
1790100625.443,distance_sensor_2,134,True
1790100632.730,distance_sensor_2,139,True
1790100633.770,distance_sensor_2,139,True
1790100638.347,distance_sensor_2,132,True
1790100638.763,distance_sensor_2,139,True
1790100647.715,distance_sensor_2,133,True
1790100650.222,distance_sensor_2,138,True
1790100654.187,distance_sensor_2,138,True
1790100654.187,distance_sensor_2,133,True
1790100656.275,distance_sensor_2,142,True
1790100657.104,distance_sensor_2,132,True
1790100658.147,distance_sensor_2,139,True
1790100660.651,distance_sensor_2,131,True
1790100661.267,distance_sensor_2,136,True
1790100674.622,distance_sensor_2,136,True
1790100688.595,distance_sensor_2,142,True
1790100690.055,distance_sensor_2,134,True
1790100691.099,distance_sensor_2,139,True
1790100695.058,distance_sensor_2,139,True
1790100696.099,distance_sensor_2,132,True
1790100696.516,distance_sensor_2,137,True
1790100715.260,distance_sensor_2,137,True
1790100722.332,distance_sensor_2,142,True
1790100723.372,distance_sensor_2,132,True
1790100723.788,distance_sensor_2,141,True
1790100725.876,distance_sensor_2,133,True
1790100727.331,distance_sensor_2,138,True
1790100730.251,distance_sensor_2,133,True
1790100731.292,distance_sensor_2,138,True
1790100735.660,distance_sensor_2,138,True
1790100736.700,distance_sensor_2,133,True
1790100737.740,distance_sensor_2,138,True
1790100738.367,distance_sensor_2,133,True
1790100738.788,distance_sensor_2,138,True
1790100739.828,distance_sensor_2,133,True
1790100742.324,distance_sensor_2,139,True
1790100747.132,distance_sensor_2,134,True
1790100752.118,distance_sensor_2,139,True
1790100756.082,distance_sensor_2,139,True
1790100759.204,distance_sensor_2,133,True
1790100760.660,distance_sensor_2,138,True
1790100765.668,distance_sensor_2,133,True
1790100767.124,distance_sensor_2,139,True
1790100767.540,distance_sensor_2,134,True
1790100771.076,distance_sensor_2,139,True
1790100772.116,distance_sensor_2,134,True
1790100776.492,distance_sensor_2,134,True
1790100778.988,distance_sensor_2,139,True
1790100780.029,distance_sensor_2,133,True
1790100785.644,distance_sensor_2,140,True
1790100786.060,distance_sensor_2,135,True
1790100795.436,distance_sensor_2,140,True
1790100796.892,distance_sensor_2,140,True
1790100796.892,distance_sensor_2,135,True
1790100817.275,distance_sensor_2,135,True
1790100837.669,distance_sensor_2,135,True
1790100848.701,distance_sensor_2,140,True
1790100849.117,distance_sensor_2,132,True
1790100850.157,distance_sensor_2,137,True
1790100857.653,distance_sensor_2,132,True
1790100858.070,distance_sensor_2,132,True
1790100859.117,distance_sensor_2,137,True
1790100865.144,distance_sensor_2,132,True
1790100865.565,distance_sensor_2,139,True
1790100872.670,distance_sensor_2,134,True
1790100874.555,distance_sensor_2,140,True
1790100875.597,distance_sensor_2,134,True
1790100878.097,distance_sensor_2,139,True
1790100878.514,distance_sensor_2,139,True
1790100879.142,distance_sensor_2,134,True
1790100883.093,distance_sensor_2,139,True
1790100884.966,distance_sensor_2,133,True
1790100887.473,distance_sensor_2,139,True
1790100888.100,distance_sensor_2,134,True
1790100888.516,distance_sensor_2,141,True
1790100888.933,distance_sensor_2,133,True
1790100890.598,distance_sensor_2,138,True
1790100898.933,distance_sensor_2,138,True
1790100898.933,distance_sensor_2,133,True
1790100901.846,distance_sensor_2,139,True
1790100905.382,distance_sensor_2,132,True
1790100906.005,distance_sensor_2,139,True
1790100906.422,distance_sensor_2,134,True
1790100910.378,distance_sensor_2,142,True
1790100911.004,distance_sensor_2,135,True
1790100919.328,distance_sensor_2,135,True
1790100925.804,distance_sensor_2,143,True
1790100926.846,distance_sensor_2,133,True
1790100927.262,distance_sensor_2,139,True
1790100927.886,distance_sensor_2,134,True
1790100928.302,distance_sensor_2,139,True
1790100934.750,distance_sensor_2,134,True
1790100939.725,distance_sensor_2,134,True
1790100949.102,distance_sensor_2,139,True
1790100950.766,distance_sensor_2,134,True
1790100960.126,distance_sensor_2,134,True
1790100962.630,distance_sensor_2,139,True
1790100964.086,distance_sensor_2,133,True
1790100965.129,distance_sensor_2,138,True
1790100969.502,distance_sensor_2,133,True
1790100971.184,distance_sensor_2,139,True
1790100972.646,distance_sensor_2,134,True
1790100976.599,distance_sensor_2,140,True
1790100977.015,distance_sensor_2,133,True
1790100977.638,distance_sensor_2,138,True
1790100980.551,distance_sensor_2,138,True
1790100983.046,distance_sensor_2,132,True
1790100984.487,distance_sensor_2,142,True
1790100985.111,distance_sensor_2,134,True
1790100991.567,distance_sensor_2,139,True
1790100993.450,distance_sensor_2,134,True
1790100998.446,distance_sensor_2,140,True
1790101000.535,distance_sensor_2,135,True
1790101000.951,distance_sensor_2,135,True
1790101009.475,distance_sensor_2,141,True
1790101010.315,distance_sensor_2,135,True
1790101020.933,distance_sensor_2,130,True
1790101021.351,distance_sensor_2,130,True
1790101021.351,distance_sensor_2,137,True
1790101027.368,distance_sensor_2,132,True
1790101030.279,distance_sensor_2,138,True
1790101035.271,distance_sensor_2,132,True
1790101035.687,distance_sensor_2,137,True
1790101041.719,distance_sensor_2,137,True
1790101057.128,distance_sensor_2,131,True
1790101058.168,distance_sensor_2,140,True
1790101058.588,distance_sensor_2,135,True
1790101061.088,distance_sensor_2,140,True
1790101062.128,distance_sensor_2,140,True
1790101062.128,distance_sensor_2,135,True
1790101077.552,distance_sensor_2,141,True
1790101079.007,distance_sensor_2,135,True
1790101082.552,distance_sensor_2,135,True
1790101085.048,distance_sensor_2,141,True
1790101086.093,distance_sensor_2,136,True
1790101090.888,distance_sensor_2,141,True
1790101091.512,distance_sensor_2,135,True
1790101102.960,distance_sensor_2,135,True
1790101105.456,distance_sensor_2,140,True
1790101105.872,distance_sensor_2,134,True
1790101112.964,distance_sensor_2,139,True
1790101114.424,distance_sensor_2,134,True
1790101122.751,distance_sensor_2,139,True
1790101123.169,distance_sensor_2,139,True
1790101123.798,distance_sensor_2,134,True
1790101125.877,distance_sensor_2,139,True
1790101129.208,distance_sensor_2,131,True
1790101129.832,distance_sensor_2,136,True
1790101143.577,distance_sensor_2,136,True
1790101160.024,distance_sensor_2,131,True
1790101160.649,distance_sensor_2,136,True
1790101163.979,distance_sensor_2,136,True
1790101184.385,distance_sensor_2,136,True
1790101186.050,distance_sensor_2,141,True
1790101186.465,distance_sensor_2,136,True
1790101204.785,distance_sensor_2,136,True
1790101225.178,distance_sensor_2,136,True
1790101231.219,distance_sensor_2,141,True
1790101232.835,distance_sensor_2,133,True
1790101234.270,distance_sensor_2,138,True
1790101238.307,distance_sensor_2,131,True
1790101238.723,distance_sensor_2,137,True
1790101242.224,distance_sensor_2,131,True
1790101242.641,distance_sensor_2,136,True
1790101245.561,distance_sensor_2,136,True
1790101265.962,distance_sensor_2,136,True
1790101286.355,distance_sensor_2,136,True
1790101306.779,distance_sensor_2,136,True
1790101313.860,distance_sensor_2,141,True
1790101316.368,distance_sensor_2,134,True
1790101319.282,distance_sensor_2,139,True
1790101326.787,distance_sensor_2,134,True
1790101327.201,distance_sensor_2,134,True
1790101329.284,distance_sensor_2,140,True
1790101329.700,distance_sensor_2,134,True
1790101330.323,distance_sensor_2,139,True
1790101332.195,distance_sensor_2,133,True
1790101333.652,distance_sensor_2,138,True
1790101336.774,distance_sensor_2,131,True
1790101338.235,distance_sensor_2,136,True
1790101347.612,distance_sensor_2,136,True
1790101352.612,distance_sensor_2,142,True
1790101353.028,distance_sensor_2,136,True
1790101359.074,distance_sensor_2,141,True
1790101359.700,distance_sensor_2,136,True
1790101368.044,distance_sensor_2,136,True
1790101388.453,distance_sensor_2,136,True
1790101390.539,distance_sensor_2,131,True
1790101391.372,distance_sensor_2,136,True
1790101408.845,distance_sensor_2,136,True
1790101419.885,distance_sensor_2,142,True
1790101420.301,distance_sensor_2,133,True
1790101420.717,distance_sensor_2,139,True
1790101422.175,distance_sensor_2,133,True
1790101422.801,distance_sensor_2,139,True
1790101424.264,distance_sensor_2,133,True
1790101425.725,distance_sensor_2,138,True
1790101427.183,distance_sensor_2,133,True
1790101427.813,distance_sensor_2,138,True
1790101429.268,distance_sensor_2,138,True
1790101429.684,distance_sensor_2,143,True
1790101430.303,distance_sensor_2,138,True
1790101431.141,distance_sensor_2,132,True
1790101431.765,distance_sensor_2,138,True
1790101438.629,distance_sensor_2,132,True
1790101440.709,distance_sensor_2,139,True
1790101443.621,distance_sensor_2,134,True
1790101448.213,distance_sensor_2,140,True
1790101449.669,distance_sensor_2,140,True
1790101449.670,distance_sensor_2,134,True
1790101450.085,distance_sensor_2,139,True
1790101452.165,distance_sensor_2,132,True
1790101452.581,distance_sensor_2,139,True
1790101454.037,distance_sensor_2,132,True
1790101456.118,distance_sensor_2,138,True
1790101457.581,distance_sensor_2,132,True
1790101458.621,distance_sensor_2,137,True
1790101470.078,distance_sensor_2,137,True
1790101472.573,distance_sensor_2,131,True
1790101472.990,distance_sensor_2,136,True
1790101480.894,distance_sensor_2,141,True
1790101481.518,distance_sensor_2,136,True
1790101483.389,distance_sensor_2,131,True
1790101484.430,distance_sensor_2,136,True
1790101490.470,distance_sensor_2,136,True
1790101510.855,distance_sensor_2,136,True
1790101531.086,distance_sensor_2,136,True
1790101541.095,distance_sensor_2,141,True
1790101541.721,distance_sensor_2,136,True
1790101551.519,distance_sensor_2,136,True
1790101571.911,distance_sensor_2,136,True
1790101572.950,distance_sensor_2,141,True
1790101573.575,distance_sensor_2,135,True
1790101581.887,distance_sensor_2,140,True
1790101585.007,distance_sensor_2,132,True
1790101586.884,distance_sensor_2,137,True
1790101589.391,distance_sensor_2,132,True
1790101590.853,distance_sensor_2,137,True
1790101592.312,distance_sensor_2,137,True
1790101607.320,distance_sensor_2,131,True
1790101607.736,distance_sensor_2,137,True
1790101612.733,distance_sensor_2,137,True
1790101614.199,distance_sensor_2,132,True
1790101614.821,distance_sensor_2,138,True
1790101633.168,distance_sensor_2,138,True
1790101653.566,distance_sensor_2,138,True
1790101673.969,distance_sensor_2,138,True
1790101686.840,distance_sensor_2,133,True
1790101690.985,distance_sensor_2,140,True
1790101694.329,distance_sensor_2,140,True
1790101695.374,distance_sensor_2,135,True
1790101698.289,distance_sensor_2,140,True
1790101703.913,distance_sensor_2,133,True
1790101704.745,distance_sensor_2,138,True
1790101705.785,distance_sensor_2,133,True
1790101708.697,distance_sensor_2,138,True
1790101711.193,distance_sensor_2,132,True
1790101713.688,distance_sensor_2,139,True
1790101714.731,distance_sensor_2,139,True
1790101727.237,distance_sensor_2,134,True
1790101728.281,distance_sensor_2,142,True
1790101728.699,distance_sensor_2,134,True
1790101730.786,distance_sensor_2,140,True
1790101731.617,distance_sensor_2,135,True
1790101734.737,distance_sensor_2,140,True
1790101735.153,distance_sensor_2,140,True
1790101736.195,distance_sensor_2,133,True
1790101737.658,distance_sensor_2,138,True
1790101747.026,distance_sensor_2,132,True
1790101748.065,distance_sensor_2,139,True
1790101750.147,distance_sensor_2,131,True
1790101750.570,distance_sensor_2,137,True
1790101755.146,distance_sensor_2,132,True
1790101755.562,distance_sensor_2,132,True
1790101757.025,distance_sensor_2,138,True
1790101757.443,distance_sensor_2,133,True
1790101758.484,distance_sensor_2,139,True
1790101760.570,distance_sensor_2,133,True
1790101761.610,distance_sensor_2,138,True
1790101770.986,distance_sensor_2,132,True
1790101772.026,distance_sensor_2,137,True
1790101775.986,distance_sensor_2,137,True
1790101790.354,distance_sensor_2,132,True
1790101791.811,distance_sensor_2,137,True
1790101796.386,distance_sensor_2,137,True
1790101797.843,distance_sensor_2,132,True
1790101799.297,distance_sensor_2,139,True
1790101807.202,distance_sensor_2,134,True
1790101809.282,distance_sensor_2,139,True
1790101809.697,distance_sensor_2,134,True
1790101811.363,distance_sensor_2,139,True
1790101811.774,distance_sensor_2,134,True
1790101814.690,distance_sensor_2,139,True
1790101816.779,distance_sensor_2,139,True
1790101816.779,distance_sensor_2,134,True
1790101818.655,distance_sensor_2,139,True
1790101820.323,distance_sensor_2,133,True
1790101820.739,distance_sensor_2,138,True
1790101833.235,distance_sensor_2,133,True
1790101833.651,distance_sensor_2,138,True
1790101834.067,distance_sensor_2,132,True
1790101834.691,distance_sensor_2,137,True
1790101837.190,distance_sensor_2,137,True
1790101838.236,distance_sensor_2,132,True
1790101839.699,distance_sensor_2,138,True
1790101844.067,distance_sensor_2,133,True
1790101844.691,distance_sensor_2,141,True
1790101845.107,distance_sensor_2,133,True
1790101846.560,distance_sensor_2,138,True
1790101857.595,distance_sensor_2,138,True
1790101873.419,distance_sensor_2,131,True
1790101874.043,distance_sensor_2,137,True
1790101875.500,distance_sensor_2,132,True
1790101875.916,distance_sensor_2,139,True
1790101877.793,distance_sensor_2,139,True
1790101882.380,distance_sensor_2,133,True
1790101885.499,distance_sensor_2,139,True
1790101888.827,distance_sensor_2,133,True
1790101889.452,distance_sensor_2,138,True
1790101897.780,distance_sensor_2,132,True
1790101898.196,distance_sensor_2,132,True
1790101898.404,distance_sensor_2,138,True
1790101913.812,distance_sensor_2,133,True
1790101916.308,distance_sensor_2,139,True
1790101918.604,distance_sensor_2,139,True
1790101920.684,distance_sensor_2,133,True
1790101922.768,distance_sensor_2,139,True
1790101930.688,distance_sensor_2,132,True
1790101931.105,distance_sensor_2,138,True
1790101939.017,distance_sensor_2,138,True
1790101956.501,distance_sensor_2,133,True
1790101957.541,distance_sensor_2,139,True
1790101959.412,distance_sensor_2,139,True
1790101959.413,distance_sensor_2,133,True
1790101960.453,distance_sensor_2,141,True
1790101961.495,distance_sensor_2,135,True
1790101967.949,distance_sensor_2,142,True
1790101968.365,distance_sensor_2,136,True
1790101978.980,distance_sensor_2,141,True
1790101979.397,distance_sensor_2,135,True
1790101979.813,distance_sensor_2,135,True
1790101986.893,distance_sensor_2,141,True
1790101987.309,distance_sensor_2,136,True
1790102000.230,distance_sensor_2,136,True
1790102002.309,distance_sensor_2,141,True
1790102003.349,distance_sensor_2,135,True
1790102010.845,distance_sensor_2,140,True
1790102012.302,distance_sensor_2,134,True
1790102013.342,distance_sensor_2,139,True
1790102014.798,distance_sensor_2,134,True
1790102019.806,distance_sensor_2,139,True
1790102020.643,distance_sensor_2,139,True
1790102023.142,distance_sensor_2,133,True
1790102025.646,distance_sensor_2,140,True
1790102029.597,distance_sensor_2,133,True
1790102032.722,distance_sensor_2,139,True
1790102034.182,distance_sensor_2,134,True
1790102034.600,distance_sensor_2,139,True
1790102041.062,distance_sensor_2,139,True
1790102043.142,distance_sensor_2,134,True
1790102045.014,distance_sensor_2,141,True
1790102046.054,distance_sensor_2,133,True
1790102046.472,distance_sensor_2,140,True
1790102050.014,distance_sensor_2,134,True
1790102053.141,distance_sensor_2,139,True
1790102056.473,distance_sensor_2,134,True
1790102057.100,distance_sensor_2,139,True
1790102057.519,distance_sensor_2,134,True
1790102060.430,distance_sensor_2,140,True
1790102061.470,distance_sensor_2,140,True
1790102063.551,distance_sensor_2,135,True
1790102078.960,distance_sensor_2,142,True
1790102079.992,distance_sensor_2,135,True
1790102081.866,distance_sensor_2,135,True
1790102083.324,distance_sensor_2,140,True
1790102083.950,distance_sensor_2,133,True
1790102085.412,distance_sensor_2,138,True
1790102090.820,distance_sensor_2,133,True
1790102091.863,distance_sensor_2,139,True
1790102094.775,distance_sensor_2,133,True
1790102097.271,distance_sensor_2,139,True
1790102102.264,distance_sensor_2,139,True
1790102102.264,distance_sensor_2,134,True
1790102102.887,distance_sensor_2,140,True
1790102105.177,distance_sensor_2,134,True
1790102109.342,distance_sensor_2,139,True
1790102110.174,distance_sensor_2,133,True
1790102112.679,distance_sensor_2,139,True
1790102115.808,distance_sensor_2,133,True
1790102116.639,distance_sensor_2,140,True
1790102120.175,distance_sensor_2,133,True
1790102122.256,distance_sensor_2,139,True
1790102122.670,distance_sensor_2,139,True
1790102128.703,distance_sensor_2,134,True
1790102130.160,distance_sensor_2,139,True
1790102137.031,distance_sensor_2,133,True
1790102139.120,distance_sensor_2,141,True
1790102140.576,distance_sensor_2,135,True
1790102143.071,distance_sensor_2,135,True
1790102145.567,distance_sensor_2,140,True
1790102149.520,distance_sensor_2,135,True
1790102163.464,distance_sensor_2,135,True
1790102174.926,distance_sensor_2,141,True
1790102175.968,distance_sensor_2,135,True
1790102178.468,distance_sensor_2,141,True
1790102179.496,distance_sensor_2,136,True
1790102179.912,distance_sensor_2,141,True
1790102181.368,distance_sensor_2,136,True
1790102183.864,distance_sensor_2,136,True
1790102198.221,distance_sensor_2,141,True
1790102199.889,distance_sensor_2,135,True
1790102203.209,distance_sensor_2,141,True
1790102204.248,distance_sensor_2,141,True
1790102204.664,distance_sensor_2,135,True
1790102217.176,distance_sensor_2,140,True
1790102219.256,distance_sensor_2,135,True
1790102224.665,distance_sensor_2,135,True
1790102229.657,distance_sensor_2,141,True
1790102230.696,distance_sensor_2,134,True
1790102232.570,distance_sensor_2,140,True
1790102235.073,distance_sensor_2,134,True
1790102235.697,distance_sensor_2,139,True
1790102237.153,distance_sensor_2,132,True
1790102237.569,distance_sensor_2,138,True
1790102239.025,distance_sensor_2,133,True
1790102240.481,distance_sensor_2,139,True
1790102244.641,distance_sensor_2,134,True
1790102245.057,distance_sensor_2,134,True
1790102245.472,distance_sensor_2,140,True
1790102247.553,distance_sensor_2,133,True
1790102250.049,distance_sensor_2,138,True
1790102255.457,distance_sensor_2,143,True
1790102256.081,distance_sensor_2,135,True
1790102256.914,distance_sensor_2,141,True
1790102257.538,distance_sensor_2,135,True
1790102265.458,distance_sensor_2,135,True
1790102269.833,distance_sensor_2,140,True
1790102270.457,distance_sensor_2,134,True
1790102274.000,distance_sensor_2,142,True
1790102274.418,distance_sensor_2,137,True
1790102285.874,distance_sensor_2,137,True
1790102286.913,distance_sensor_2,130,True
1790102287.330,distance_sensor_2,137,True
1790102287.745,distance_sensor_2,130,True
1790102288.369,distance_sensor_2,139,True
1790102290.246,distance_sensor_2,134,True
1790102297.321,distance_sensor_2,139,True
1790102297.737,distance_sensor_2,134,True
1790102303.354,distance_sensor_2,140,True
1790102303.771,distance_sensor_2,135,True
1790102306.268,distance_sensor_2,135,True
1790102308.151,distance_sensor_2,141,True
1790102309.823,distance_sensor_2,136,True
1790102326.658,distance_sensor_2,136,True
1790102347.058,distance_sensor_2,136,True
1790102351.423,distance_sensor_2,141,True
1790102352.051,distance_sensor_2,136,True
1790102367.467,distance_sensor_2,136,True
1790102387.883,distance_sensor_2,136,True
1790102390.379,distance_sensor_2,143,True
1790102390.796,distance_sensor_2,136,True
1790102408.278,distance_sensor_2,136,True
1790102425.572,distance_sensor_2,141,True
1790102426.612,distance_sensor_2,134,True
1790102427.236,distance_sensor_2,139,True
1790102428.484,distance_sensor_2,139,True
1790102428.691,distance_sensor_2,134,True
1790102429.109,distance_sensor_2,139,True
1790102430.569,distance_sensor_2,132,True
1790102431.195,distance_sensor_2,138,True
1790102439.533,distance_sensor_2,133,True
1790102440.581,distance_sensor_2,138,True
1790102441.620,distance_sensor_2,131,True
1790102442.037,distance_sensor_2,139,True
1790102448.910,distance_sensor_2,139,True
1790102449.950,distance_sensor_2,133,True
1790102452.035,distance_sensor_2,139,True
1790102469.334,distance_sensor_2,139,True
1790102471.004,distance_sensor_2,133,True
1790102471.836,distance_sensor_2,139,True
1790102476.812,distance_sensor_2,134,True
1790102477.852,distance_sensor_2,140,True
1790102478.893,distance_sensor_2,135,True
1790102482.437,distance_sensor_2,140,True
1790102483.268,distance_sensor_2,133,True
1790102483.893,distance_sensor_2,139,True
1790102486.804,distance_sensor_2,134,True
1790102487.221,distance_sensor_2,140,True
1790102489.302,distance_sensor_2,132,True
1790102489.719,distance_sensor_2,132,True
1790102489.719,distance_sensor_2,139,True
1790102490.765,distance_sensor_2,133,True
1790102491.805,distance_sensor_2,140,True
1790102496.791,distance_sensor_2,135,True
1790102505.733,distance_sensor_2,140,True
1790102506.145,distance_sensor_2,135,True
1790102507.180,distance_sensor_2,140,True
1790102507.802,distance_sensor_2,134,True
1790102508.220,distance_sensor_2,139,True
1790102508.635,distance_sensor_2,134,True
1790102510.092,distance_sensor_2,134,True
1790102513.214,distance_sensor_2,139,True
1790102522.175,distance_sensor_2,134,True
1790102524.678,distance_sensor_2,140,True
1790102527.581,distance_sensor_2,135,True
1790102530.500,distance_sensor_2,135,True
1790102533.632,distance_sensor_2,140,True
1790102536.133,distance_sensor_2,134,True
1790102537.174,distance_sensor_2,139,True
1790102538.005,distance_sensor_2,134,True
1790102540.501,distance_sensor_2,139,True
1790102544.461,distance_sensor_2,132,True
1790102545.085,distance_sensor_2,137,True
1790102550.917,distance_sensor_2,137,True
1790102550.917,distance_sensor_2,131,True
1790102551.960,distance_sensor_2,138,True
1790102556.542,distance_sensor_2,133,True
1790102557.999,distance_sensor_2,138,True
1790102571.317,distance_sensor_2,138,True
1790102581.943,distance_sensor_2,133,True
1790102582.776,distance_sensor_2,140,True
1790102583.404,distance_sensor_2,133,True
1790102584.238,distance_sensor_2,138,True
1790102591.727,distance_sensor_2,138,True
1790102606.302,distance_sensor_2,133,True
1790102606.720,distance_sensor_2,139,True
1790102612.137,distance_sensor_2,139,True
1790102618.188,distance_sensor_2,134,True
1790102622.143,distance_sensor_2,139,True
1790102628.587,distance_sensor_2,134,True
1790102629.630,distance_sensor_2,139,True
1790102630.670,distance_sensor_2,134,True
1790102632.543,distance_sensor_2,134,True
1790102635.039,distance_sensor_2,140,True
1790102638.583,distance_sensor_2,135,True
1790102652.951,distance_sensor_2,135,True
1790102653.990,distance_sensor_2,141,True
1790102655.030,distance_sensor_2,135,True
1790102673.359,distance_sensor_2,135,True
1790102683.775,distance_sensor_2,140,True
1790102684.400,distance_sensor_2,134,True
1790102692.728,distance_sensor_2,139,True
1790102693.769,distance_sensor_2,139,True
1790102706.248,distance_sensor_2,132,True
1790102706.664,distance_sensor_2,140,True
1790102707.288,distance_sensor_2,135,True
1790102714.152,distance_sensor_2,135,True
1790102724.152,distance_sensor_2,141,True
1790102724.568,distance_sensor_2,133,True
1790102725.610,distance_sensor_2,138,True
1790102731.040,distance_sensor_2,133,True
1790102733.968,distance_sensor_2,138,True
1790102734.592,distance_sensor_2,138,True
1790102740.432,distance_sensor_2,133,True
1790102743.976,distance_sensor_2,139,True
1790102745.017,distance_sensor_2,134,True
1790102746.480,distance_sensor_2,139,True
1790102747.520,distance_sensor_2,133,True
1790102749.392,distance_sensor_2,141,True
1790102751.042,distance_sensor_2,136,True
1790102755.000,distance_sensor_2,136,True
1790102760.425,distance_sensor_2,141,True
1790102762.935,distance_sensor_2,135,True
1790102764.810,distance_sensor_2,142,True
1790102765.437,distance_sensor_2,135,True
1790102766.896,distance_sensor_2,141,True
1790102767.936,distance_sensor_2,134,True
1790102771.264,distance_sensor_2,139,True
1790102775.216,distance_sensor_2,139,True
1790102776.881,distance_sensor_2,134,True
1790102777.921,distance_sensor_2,139,True
1790102779.797,distance_sensor_2,133,True
1790102781.882,distance_sensor_2,140,True
1790102783.343,distance_sensor_2,133,True
1790102783.762,distance_sensor_2,138,True
1790102794.177,distance_sensor_2,133,True
1790102794.802,distance_sensor_2,138,True
1790102795.640,distance_sensor_2,138,True
1790102816.050,distance_sensor_2,138,True
1790102818.553,distance_sensor_2,133,True
1790102820.216,distance_sensor_2,139,True
1790102823.545,distance_sensor_2,134,True
1790102826.050,distance_sensor_2,141,True
1790102826.673,distance_sensor_2,133,True
1790102827.507,distance_sensor_2,139,True
1790102830.013,distance_sensor_2,133,True
1790102835.435,distance_sensor_2,139,True
1790102836.479,distance_sensor_2,139,True
1790102836.479,distance_sensor_2,134,True
1790102838.562,distance_sensor_2,139,True
1790102839.602,distance_sensor_2,134,True
1790102842.101,distance_sensor_2,140,True
1790102842.935,distance_sensor_2,135,True
1790102847.514,distance_sensor_2,140,True
1790102847.929,distance_sensor_2,134,True
1790102854.397,distance_sensor_2,139,True
1790102856.890,distance_sensor_2,139,True
1790102858.970,distance_sensor_2,132,True
1790102859.386,distance_sensor_2,137,True
1790102861.882,distance_sensor_2,132,True
1790102862.922,distance_sensor_2,137,True
1790102877.282,distance_sensor_2,137,True
1790102897.682,distance_sensor_2,137,True
1790102918.160,distance_sensor_2,137,True
1790102926.581,distance_sensor_2,132,True
1790102927.619,distance_sensor_2,139,True
1790102929.075,distance_sensor_2,133,True
1790102929.490,distance_sensor_2,139,True
1790102931.571,distance_sensor_2,132,True
1790102931.986,distance_sensor_2,137,True
1790102934.475,distance_sensor_2,132,True
1790102935.099,distance_sensor_2,140,True
1790102935.931,distance_sensor_2,135,True
1790102938.011,distance_sensor_2,141,True
1790102938.427,distance_sensor_2,141,True
1790102940.086,distance_sensor_2,135,True
1790102950.899,distance_sensor_2,140,True
1790102951.524,distance_sensor_2,135,True
1790102956.515,distance_sensor_2,141,True
1790102957.347,distance_sensor_2,135,True
1790102958.803,distance_sensor_2,135,True
1790102979.220,distance_sensor_2,135,True
1790102981.305,distance_sensor_2,140,True
1790102985.268,distance_sensor_2,135,True
1790102987.347,distance_sensor_2,140,True
1790102989.220,distance_sensor_2,133,True
1790102990.257,distance_sensor_2,138,True
1790102999.620,distance_sensor_2,138,True
1790103001.692,distance_sensor_2,133,True
1790103005.652,distance_sensor_2,138,True
1790103019.984,distance_sensor_2,138,True
1790103040.386,distance_sensor_2,138,True
1790103060.797,distance_sensor_2,138,True
1790103061.838,distance_sensor_2,133,True
1790103064.333,distance_sensor_2,139,True
1790103064.956,distance_sensor_2,134,True
1790103068.285,distance_sensor_2,141,True
1790103069.325,distance_sensor_2,136,True
1790103076.405,distance_sensor_2,142,True
1790103076.821,distance_sensor_2,134,True
1790103077.861,distance_sensor_2,139,True
1790103078.693,distance_sensor_2,133,True
1790103080.357,distance_sensor_2,138,True
1790103081.198,distance_sensor_2,138,True
1790103086.197,distance_sensor_2,133,True
1790103087.653,distance_sensor_2,138,True
1790103090.161,distance_sensor_2,133,True
1790103095.182,distance_sensor_2,139,True
1790103097.266,distance_sensor_2,133,True
1790103097.684,distance_sensor_2,138,True
1790103101.637,distance_sensor_2,138,True
1790103122.046,distance_sensor_2,138,True
1790103130.574,distance_sensor_2,133,True
1790103133.078,distance_sensor_2,139,True
1790103140.998,distance_sensor_2,133,True
1790103142.454,distance_sensor_2,133,True
1790103142.455,distance_sensor_2,138,True
1790103147.862,distance_sensor_2,133,True
1790103150.982,distance_sensor_2,139,True
1790103162.879,distance_sensor_2,139,True
1790103165.382,distance_sensor_2,134,True
1790103172.870,distance_sensor_2,140,True
1790103173.287,distance_sensor_2,133,True
1790103173.911,distance_sensor_2,138,True
1790103176.823,distance_sensor_2,132,True
1790103178.287,distance_sensor_2,138,True
1790103180.370,distance_sensor_2,132,True
1790103180.788,distance_sensor_2,139,True
1790103182.255,distance_sensor_2,134,True
1790103183.295,distance_sensor_2,134,True
1790103185.175,distance_sensor_2,139,True
1790103186.840,distance_sensor_2,133,True
1790103188.303,distance_sensor_2,138,True
1790103200.166,distance_sensor_2,133,True
1790103201.209,distance_sensor_2,139,True
1790103202.672,distance_sensor_2,134,True
1790103203.712,distance_sensor_2,134,True
1790103215.159,distance_sensor_2,139,True
1790103218.487,distance_sensor_2,132,True
1790103219.536,distance_sensor_2,137,True
1790103224.112,distance_sensor_2,137,True
1790103244.481,distance_sensor_2,137,True
1790103249.896,distance_sensor_2,142,True
1790103250.936,distance_sensor_2,136,True
1790103264.880,distance_sensor_2,136,True
1790103285.281,distance_sensor_2,136,True
1790103305.505,distance_sensor_2,136,True
1790103307.590,distance_sensor_2,142,True
1790103308.219,distance_sensor_2,137,True
1790103316.145,distance_sensor_2,132,True
1790103316.976,distance_sensor_2,139,True
1790103325.929,distance_sensor_2,139,True
1790103328.425,distance_sensor_2,134,True
1790103330.096,distance_sensor_2,139,True
1790103333.433,distance_sensor_2,134,True
1790103337.364,distance_sensor_2,139,True
1790103339.027,distance_sensor_2,134,True
1790103341.937,distance_sensor_2,139,True
1790103342.353,distance_sensor_2,134,True
1790103342.977,distance_sensor_2,139,True
1790103346.305,distance_sensor_2,139,True
1790103346.930,distance_sensor_2,134,True
1790103350.486,distance_sensor_2,139,True
1790103351.946,distance_sensor_2,133,True
1790103352.986,distance_sensor_2,139,True
1790103355.898,distance_sensor_2,134,True
1790103362.362,distance_sensor_2,139,True
1790103366.739,distance_sensor_2,139,True
1790103369.243,distance_sensor_2,133,True
1790103369.868,distance_sensor_2,139,True
1790103370.284,distance_sensor_2,133,True
1790103370.700,distance_sensor_2,139,True
1790103376.738,distance_sensor_2,134,True
1790103379.242,distance_sensor_2,142,True
1790103379.657,distance_sensor_2,136,True
1790103386.123,distance_sensor_2,131,True
1790103387.162,distance_sensor_2,131,True
1790103387.163,distance_sensor_2,136,True
1790103407.563,distance_sensor_2,136,True
1790103414.025,distance_sensor_2,142,True
1790103414.651,distance_sensor_2,135,True
1790103427.971,distance_sensor_2,135,True
1790103448.371,distance_sensor_2,135,True
1790103450.435,distance_sensor_2,140,True
1790103451.900,distance_sensor_2,135,True
1790103453.773,distance_sensor_2,141,True
1790103454.819,distance_sensor_2,135,True
1790103468.764,distance_sensor_2,135,True
1790103485.636,distance_sensor_2,140,True
1790103487.716,distance_sensor_2,132,True
1790103489.172,distance_sensor_2,132,True
1790103490.212,distance_sensor_2,137,True
1790103495.206,distance_sensor_2,132,True
1790103495.620,distance_sensor_2,137,True
1790103508.100,distance_sensor_2,132,True
1790103509.560,distance_sensor_2,132,True
1790103509.560,distance_sensor_2,141,True
1790103510.605,distance_sensor_2,136,True
1790103517.060,distance_sensor_2,141,True
1790103517.477,distance_sensor_2,134,True
1790103519.981,distance_sensor_2,140,True
1790103523.100,distance_sensor_2,135,True
1790103529.989,distance_sensor_2,135,True
1790103532.485,distance_sensor_2,140,True
1790103532.901,distance_sensor_2,135,True
1790103536.453,distance_sensor_2,141,True
1790103538.948,distance_sensor_2,136,True
1790103550.413,distance_sensor_2,136,True
1790103558.741,distance_sensor_2,141,True
1790103559.781,distance_sensor_2,136,True
1790103563.741,distance_sensor_2,141,True
1790103564.365,distance_sensor_2,136,True
1790103570.813,distance_sensor_2,136,True
1790103580.182,distance_sensor_2,141,True
1790103580.806,distance_sensor_2,133,True
1790103581.637,distance_sensor_2,139,True
1790103583.718,distance_sensor_2,133,True
1790103584.757,distance_sensor_2,139,True
1790103589.128,distance_sensor_2,134,True
1790103591.214,distance_sensor_2,134,True
1790103591.214,distance_sensor_2,139,True
1790103594.130,distance_sensor_2,134,True
1790103595.174,distance_sensor_2,140,True
1790103596.221,distance_sensor_2,135,True
1790103598.718,distance_sensor_2,140,True
1790103601.213,distance_sensor_2,134,True
1790103607.473,distance_sensor_2,140,True
1790103611.014,distance_sensor_2,135,True
1790103611.431,distance_sensor_2,135,True
1790103618.502,distance_sensor_2,140,True
1790103622.462,distance_sensor_2,135,True
1790103623.086,distance_sensor_2,140,True
1790103623.918,distance_sensor_2,135,True
1790103624.542,distance_sensor_2,140,True
1790103625.583,distance_sensor_2,133,True
1790103626.414,distance_sensor_2,138,True
1790103631.837,distance_sensor_2,138,True
1790103635.999,distance_sensor_2,133,True
1790103637.454,distance_sensor_2,139,True
1790103638.495,distance_sensor_2,134,True
1790103640.367,distance_sensor_2,139,True
1790103645.782,distance_sensor_2,134,True
1790103648.279,distance_sensor_2,139,True
1790103648.903,distance_sensor_2,133,True
1790103649.318,distance_sensor_2,139,True
1790103651.399,distance_sensor_2,134,True
1790103652.230,distance_sensor_2,134,True
1790103655.351,distance_sensor_2,139,True
1790103657.431,distance_sensor_2,133,True
1790103658.262,distance_sensor_2,138,True
1790103663.262,distance_sensor_2,133,True
1790103667.839,distance_sensor_2,140,True
1790103672.624,distance_sensor_2,140,True
1790103672.832,distance_sensor_2,135,True
1790103678.255,distance_sensor_2,140,True
1790103683.255,distance_sensor_2,135,True
1790103691.168,distance_sensor_2,140,True
1790103692.624,distance_sensor_2,135,True
1790103693.039,distance_sensor_2,135,True
1790103696.575,distance_sensor_2,140,True
1790103697.616,distance_sensor_2,135,True
1790103700.528,distance_sensor_2,140,True
1790103702.615,distance_sensor_2,135,True
1790103713.428,distance_sensor_2,135,True
1790103733.856,distance_sensor_2,135,True
1790103754.211,distance_sensor_2,135,True
1790103774.768,distance_sensor_2,135,True
1790103795.177,distance_sensor_2,135,True
1790103797.673,distance_sensor_2,141,True
1790103798.505,distance_sensor_2,136,True
1790103809.539,distance_sensor_2,131,True
1790103809.955,distance_sensor_2,136,True
1790103814.959,distance_sensor_2,131,True
1790103815.377,distance_sensor_2,131,True
1790103815.585,distance_sensor_2,138,True
1790103823.505,distance_sensor_2,133,True
1790103824.961,distance_sensor_2,141,True
1790103825.377,distance_sensor_2,135,True
1790103833.919,distance_sensor_2,141,True
1790103834.336,distance_sensor_2,136,True
1790103835.793,distance_sensor_2,136,True
1790103839.340,distance_sensor_2,141,True
1790103840.382,distance_sensor_2,134,True
1790103842.881,distance_sensor_2,140,True
1790103843.921,distance_sensor_2,135,True
1790103846.418,distance_sensor_2,141,True
1790103847.250,distance_sensor_2,136,True
1790103856.197,distance_sensor_2,136,True
1790103865.778,distance_sensor_2,142,True
1790103866.194,distance_sensor_2,137,True
1790103870.160,distance_sensor_2,132,True
1790103870.786,distance_sensor_2,138,True
1790103871.202,distance_sensor_2,133,True
1790103873.701,distance_sensor_2,140,True
1790103876.619,distance_sensor_2,140,True
1790103878.296,distance_sensor_2,132,True
1790103879.754,distance_sensor_2,139,True
1790103882.250,distance_sensor_2,134,True
1790103882.667,distance_sensor_2,139,True
1790103886.618,distance_sensor_2,133,True
1790103889.537,distance_sensor_2,139,True
1790103892.658,distance_sensor_2,134,True
1790103895.155,distance_sensor_2,139,True
1790103895.570,distance_sensor_2,133,True
1790103896.608,distance_sensor_2,138,True
1790103897.023,distance_sensor_2,138,True
1790103908.451,distance_sensor_2,132,True
1790103909.075,distance_sensor_2,139,True
1790103909.491,distance_sensor_2,133,True
1790103910.115,distance_sensor_2,142,True
1790103910.531,distance_sensor_2,136,True
1790103917.395,distance_sensor_2,136,True
1790103937.794,distance_sensor_2,136,True
1790103951.744,distance_sensor_2,142,True
1790103952.370,distance_sensor_2,137,True
1790103958.189,distance_sensor_2,137,True
1790103978.132,distance_sensor_2,131,True
1790103978.548,distance_sensor_2,131,True
1790103979.172,distance_sensor_2,136,True
1790103998.972,distance_sensor_2,136,True
1790104002.099,distance_sensor_2,141,True
1790104002.516,distance_sensor_2,136,True
1790104008.124,distance_sensor_2,141,True
1790104008.956,distance_sensor_2,134,True
1790104012.908,distance_sensor_2,139,True
1790104015.412,distance_sensor_2,132,True
1790104016.037,distance_sensor_2,141,True
1790104016.452,distance_sensor_2,134,True
1790104019.364,distance_sensor_2,134,True
1790104021.034,distance_sensor_2,128,True
1790104021.450,distance_sensor_2,139,True
1790104024.988,distance_sensor_2,134,True
1790104025.404,distance_sensor_2,139,True
1790104032.492,distance_sensor_2,134,True
1790104036.445,distance_sensor_2,140,True
1790104036.861,distance_sensor_2,134,True
1790104037.909,distance_sensor_2,140,True
1790104038.949,distance_sensor_2,133,True
1790104039.782,distance_sensor_2,133,True
1790104040.413,distance_sensor_2,139,True
1790104044.373,distance_sensor_2,133,True
1790104045.414,distance_sensor_2,139,True
1790104048.333,distance_sensor_2,132,True
1790104049.373,distance_sensor_2,137,True
1790104060.205,distance_sensor_2,137,True
1790104079.573,distance_sensor_2,132,True
1790104080.204,distance_sensor_2,138,True
1790104080.618,distance_sensor_2,138,True
1790104081.661,distance_sensor_2,133,True
1790104083.129,distance_sensor_2,139,True
1790104084.177,distance_sensor_2,133,True
1790104086.046,distance_sensor_2,139,True
1790104086.672,distance_sensor_2,132,True
1790104088.134,distance_sensor_2,137,True
1790104090.649,distance_sensor_2,132,True
1790104091.067,distance_sensor_2,137,True
1790104095.055,distance_sensor_2,132,True
1790104095.685,distance_sensor_2,138,True
1790104097.556,distance_sensor_2,133,True
1790104097.972,distance_sensor_2,138,True
1790104100.491,distance_sensor_2,133,True
1790104101.118,distance_sensor_2,133,True
1790104101.540,distance_sensor_2,138,True
1790104105.942,distance_sensor_2,132,True
1790104106.569,distance_sensor_2,139,True
1790104117.876,distance_sensor_2,134,True
1790104121.422,distance_sensor_2,134,True
1790104124.358,distance_sensor_2,139,True
1790104124.973,distance_sensor_2,134,True
1790104130.827,distance_sensor_2,139,True
1790104131.875,distance_sensor_2,134,True
1790104138.343,distance_sensor_2,139,True
1790104138.970,distance_sensor_2,133,True
1790104141.912,distance_sensor_2,133,True
1790104141.913,distance_sensor_2,138,True
1790104144.846,distance_sensor_2,133,True
1790104145.271,distance_sensor_2,140,True
1790104145.900,distance_sensor_2,133,True
1790104149.871,distance_sensor_2,138,True
1790104154.274,distance_sensor_2,131,True
1790104155.321,distance_sensor_2,137,True
1790104162.237,distance_sensor_2,137,True
1790104182.067,distance_sensor_2,132,True
1790104182.691,distance_sensor_2,132,True
1790104183.746,distance_sensor_2,138,True
1790104189.604,distance_sensor_2,133,True
1790104193.587,distance_sensor_2,138,True
1790104195.680,distance_sensor_2,133,True
1790104197.145,distance_sensor_2,138,True
1790104202.974,distance_sensor_2,138,True
1790104218.439,distance_sensor_2,133,True
1790104219.488,distance_sensor_2,138,True
1790104223.469,distance_sensor_2,138,True
1790104240.428,distance_sensor_2,133,True
1790104242.319,distance_sensor_2,139,True
1790104243.368,distance_sensor_2,134,True
1790104243.786,distance_sensor_2,134,True
1790104249.229,distance_sensor_2,140,True
1790104253.824,distance_sensor_2,133,True
1790104255.712,distance_sensor_2,138,True
1790104258.824,distance_sensor_2,132,True
1790104259.661,distance_sensor_2,137,True
1790104264.262,distance_sensor_2,137,True
1790104274.728,distance_sensor_2,132,True
1790104275.145,distance_sensor_2,138,True
1790104275.760,distance_sensor_2,132,True
1790104278.679,distance_sensor_2,137,True
1790104280.565,distance_sensor_2,132,True
1790104281.190,distance_sensor_2,138,True
1790104281.613,distance_sensor_2,133,True
1790104284.550,distance_sensor_2,133,True
1790104286.016,distance_sensor_2,139,True
1790104287.694,distance_sensor_2,134,True
1790104289.576,distance_sensor_2,139,True
1790104292.096,distance_sensor_2,134,True
1790104294.177,distance_sensor_2,140,True
1790104294.593,distance_sensor_2,135,True
1790104305.049,distance_sensor_2,135,True
1790104322.855,distance_sensor_2,140,True
1790104323.486,distance_sensor_2,131,True
1790104323.903,distance_sensor_2,136,True
1790104325.376,distance_sensor_2,136,True
1790104329.343,distance_sensor_2,141,True
1790104329.969,distance_sensor_2,136,True
1790104345.673,distance_sensor_2,136,True
1790104366.178,distance_sensor_2,136,True
1790104386.482,distance_sensor_2,136,True
1790104392.144,distance_sensor_2,141,True
1790104392.984,distance_sensor_2,135,True
1790104403.042,distance_sensor_2,141,True
1790104403.464,distance_sensor_2,136,True
1790104407.027,distance_sensor_2,136,True
1790104427.315,distance_sensor_2,136,True
1790104447.833,distance_sensor_2,136,True
1790104457.667,distance_sensor_2,131,True
1790104458.297,distance_sensor_2,138,True
1790104460.153,distance_sensor_2,132,True
1790104461.201,distance_sensor_2,138,True
1790104464.761,distance_sensor_2,132,True
1790104467.699,distance_sensor_2,138,True
1790104468.119,distance_sensor_2,138,True
1790104472.106,distance_sensor_2,131,True
1790104473.152,distance_sensor_2,137,True
1790104483.618,distance_sensor_2,131,True
1790104485.068,distance_sensor_2,137,True
1790104487.169,distance_sensor_2,132,True
1790104488.004,distance_sensor_2,137,True
1790104488.426,distance_sensor_2,137,True
1790104493.443,distance_sensor_2,132,True
1790104494.068,distance_sensor_2,137,True
1790104501.578,distance_sensor_2,142,True
1790104502.405,distance_sensor_2,136,True
1790104508.883,distance_sensor_2,136,True
1790104529.413,distance_sensor_2,136,True
1790104549.732,distance_sensor_2,136,True
1790104562.258,distance_sensor_2,131,True
1790104562.678,distance_sensor_2,138,True
1790104563.097,distance_sensor_2,131,True
1790104563.725,distance_sensor_2,136,True
1790104570.206,distance_sensor_2,136,True
1790104590.518,distance_sensor_2,136,True
1790104610.809,distance_sensor_2,136,True
1790104616.858,distance_sensor_2,141,True
1790104617.477,distance_sensor_2,135,True
1790104622.302,distance_sensor_2,140,True
1790104622.931,distance_sensor_2,134,True
1790104623.766,distance_sensor_2,139,True
1790104624.399,distance_sensor_2,133,True
1790104626.282,distance_sensor_2,138,True
1790104627.330,distance_sensor_2,131,True
1790104627.750,distance_sensor_2,137,True
1790104631.315,distance_sensor_2,137,True
1790104651.611,distance_sensor_2,137,True
1790104672.100,distance_sensor_2,137,True
1790104692.563,distance_sensor_2,137,True
1790104712.896,distance_sensor_2,137,True
1790104724.375,distance_sensor_2,132,True
1790104724.791,distance_sensor_2,140,True
1790104725.421,distance_sensor_2,135,True
1790104730.245,distance_sensor_2,140,True
1790104731.292,distance_sensor_2,133,True
1790104733.160,distance_sensor_2,133,True
1790104733.792,distance_sensor_2,138,True
1790104741.727,distance_sensor_2,132,True
1790104743.176,distance_sensor_2,137,True
1790104747.774,distance_sensor_2,132,True
1790104748.821,distance_sensor_2,138,True
1790104750.284,distance_sensor_2,133,True
1790104751.745,distance_sensor_2,139,True
1790104752.160,distance_sensor_2,134,True
1790104753.628,distance_sensor_2,134,True
1790104763.062,distance_sensor_2,140,True
1790104764.744,distance_sensor_2,135,True
1790104773.973,distance_sensor_2,135,True
1790104786.969,distance_sensor_2,141,True
1790104788.416,distance_sensor_2,133,True
1790104790.505,distance_sensor_2,139,True
1790104791.973,distance_sensor_2,132,True
1790104793.441,distance_sensor_2,138,True
1790104794.070,distance_sensor_2,133,True
1790104794.489,distance_sensor_2,133,True
1790104795.532,distance_sensor_2,139,True
1790104796.374,distance_sensor_2,131,True
1790104797.001,distance_sensor_2,138,True
1790104806.840,distance_sensor_2,132,True
1790104807.470,distance_sensor_2,137,True
1790104807.889,distance_sensor_2,132,True
1790104809.357,distance_sensor_2,139,True
1790104810.823,distance_sensor_2,134,True
1790104811.435,distance_sensor_2,139,True
1790104814.793,distance_sensor_2,139,True
1790104820.414,distance_sensor_2,134,True
1790187555.157,distance_sensor_2,156,True
1790187555.572,distance_sensor_2,147,True
1790187555.572,distance_sensor_2,149,True
1790187555.778,distance_sensor_2,155,True
1790187556.191,distance_sensor_2,156,True
1790187619.481,distance_sensor_2,156,True
1790187727.323,distance_sensor_2,147,True
1790187772.735,distance_sensor_2,149,True
1790187887.030,distance_sensor_2,156,True
1790187888.069,distance_sensor_2,162,True
1790187917.370,distance_sensor_2,77,True
1790187923.761,distance_sensor_2,92,True
1790187933.759,distance_sensor_2,163,True
1790187937.723,distance_sensor_2,176,True
1790187943.635,distance_sensor_2,191,True
1790187964.571,distance_sensor_2,171,True
1790188015.891,distance_sensor_2,76,True
1790188016.307,distance_sensor_2,81,True
1790188025.241,distance_sensor_2,81,True
1790188029.195,distance_sensor_2,76,True
1790188030.651,distance_sensor_2,81,True
1790188045.654,distance_sensor_2,81,True
1790188066.051,distance_sensor_2,81,True
1790188071.461,distance_sensor_2,76,True
1790188072.502,distance_sensor_2,81,True
1790188086.378,distance_sensor_2,81,True
1790188106.683,distance_sensor_2,81,True
1790188109.752,distance_sensor_2,76,True
1790188110.171,distance_sensor_2,81,True
1790188127.022,distance_sensor_2,81,True
1790188147.478,distance_sensor_2,81,True
1790188159.506,distance_sensor_2,76,True
1790188160.958,distance_sensor_2,82,True
1790188167.867,distance_sensor_2,82,True
1790188181.798,distance_sensor_2,77,True
1790188182.816,distance_sensor_2,82,True
1790188188.338,distance_sensor_2,82,True
1790188208.702,distance_sensor_2,82,True
1790188229.070,distance_sensor_2,82,True
1790188249.306,distance_sensor_2,82,True
1790188251.380,distance_sensor_2,77,True
1790188252.019,distance_sensor_2,82,True
1790188261.838,distance_sensor_2,77,True
1790188264.351,distance_sensor_2,83,True
1790188268.315,distance_sensor_2,78,True
1790188269.770,distance_sensor_2,78,True
1790188273.311,distance_sensor_2,83,True
1790188281.327,distance_sensor_2,78,True
1790188290.100,distance_sensor_2,78,True
1790188291.118,distance_sensor_2,83,True
1790188330.868,distance_sensor_2,83,True
1790188331.496,distance_sensor_2,78,True
1790188337.453,distance_sensor_2,84,True
1790188338.476,distance_sensor_2,78,True
1790188339.499,distance_sensor_2,85,True
1790188340.939,distance_sensor_2,79,True
1790230708.931,distance_sensor_2,85,True
1790230729.336,distance_sensor_2,78,True
1790230750.352,distance_sensor_2,83,True
1790230761.188,distance_sensor_2,78,True
1790230764.297,distance_sensor_2,84,True
1790230769.695,distance_sensor_2,83,True
1790230770.108,distance_sensor_2,83,True
1790230787.577,distance_sensor_2,85,True
1790230851.689,distance_sensor_2,80,True
1790230864.150,distance_sensor_2,80,True
1790230892.367,distance_sensor_2,80,True
1790230915.817,distance_sensor_2,85,True
1790231035.122,distance_sensor_2,80,True
1790231042.178,distance_sensor_2,85,True
1790231096.264,distance_sensor_2,78,True
1790231137.072,distance_sensor_2,85,True
1790231173.818,distance_sensor_2,85,True
1790231176.737,distance_sensor_2,79,True
1790231199.187,distance_sensor_2,78,True
1790231209.127,distance_sensor_2,84,True
1790231218.517,distance_sensor_2,84,True
1790231221.027,distance_sensor_2,79,True
1790231238.927,distance_sensor_2,79,True
1790231259.326,distance_sensor_2,79,True
1790231279.669,distance_sensor_2,78,True
1790231320.357,distance_sensor_2,82,True
1790231503.887,distance_sensor_2,83,True
1790231667.917,distance_sensor_2,81,True
1790231728.153,distance_sensor_2,81,True
1790231761.904,distance_sensor_2,81,True
1790231804.696,distance_sensor_2,81,True
1790231870.747,distance_sensor_2,81,True
1790231891.696,distance_sensor_2,86,True
1790231961.264,distance_sensor_2,81,True
1790231961.264,distance_sensor_2,86,True
1790231972.695,distance_sensor_2,86,True
1790231990.649,distance_sensor_2,80,True
1790232003.942,distance_sensor_2,79,True
1790232005.424,distance_sensor_2,79,True
1790232011.904,distance_sensor_2,78,True
1790232013.374,distance_sensor_2,85,True
1790232095.008,distance_sensor_2,84,True
1790232156.102,distance_sensor_2,82,True
1790232174.080,distance_sensor_2,76,True
1790232176.377,distance_sensor_2,84,True
1790232177.616,distance_sensor_2,79,True
1790232189.505,distance_sensor_2,79,True
1790232298.885,distance_sensor_2,85,True
1790232482.134,distance_sensor_2,78,True
1790232644.293,distance_sensor_2,83,True
1790232655.730,distance_sensor_2,83,True
1790232679.173,distance_sensor_2,83,True
1790232689.984,distance_sensor_2,83,True
1790232849.076,distance_sensor_2,83,True
1790232930.599,distance_sensor_2,85,True
1790232950.988,distance_sensor_2,86,True
1790232991.852,distance_sensor_2,85,True
1790233032.400,distance_sensor_2,85,True
1790233093.608,distance_sensor_2,80,True
1790233115.081,distance_sensor_2,80,True
1790233116.144,distance_sensor_2,80,True
1790233136.362,distance_sensor_2,86,True
1790233164.256,distance_sensor_2,85,True
1790233178.838,distance_sensor_2,84,True
1790233182.176,distance_sensor_2,84,True
1790233204.972,distance_sensor_2,79,True
1790233205.611,distance_sensor_2,84,True
1790233215.945,distance_sensor_2,84,True
1790233236.330,distance_sensor_2,85,True
1790233280.110,distance_sensor_2,84,True
1790233294.916,distance_sensor_2,84,True
1790233461.082,distance_sensor_2,84,True
1790233521.597,distance_sensor_2,85,True
1790233565.506,distance_sensor_2,81,True
1790233644.040,distance_sensor_2,82,True
1790233798.527,distance_sensor_2,82,True
1790233888.508,distance_sensor_2,81,True
1790233949.703,distance_sensor_2,81,True
1790233960.748,distance_sensor_2,81,True
1790234021.835,distance_sensor_2,82,True
1790234071.994,distance_sensor_2,82,True
1790234177.407,distance_sensor_2,77,True
1790234268.343,distance_sensor_2,82,True
1790234296.107,distance_sensor_2,77,True
1790234459.176,distance_sensor_2,82,True
1790234479.695,distance_sensor_2,82,True
1790234636.749,distance_sensor_2,80,True
1790234744.487,distance_sensor_2,81,True
1790234787.749,distance_sensor_2,81,True
1790234840.617,distance_sensor_2,82,True
1790234991.195,distance_sensor_2,82,True
1790235009.499,distance_sensor_2,82,True
1790235022.516,distance_sensor_2,82,True
1790235047.342,distance_sensor_2,82,True
1790235051.849,distance_sensor_2,82,True
1790235148.698,distance_sensor_2,82,True
1790235193.981,distance_sensor_2,81,True
1790235217.861,distance_sensor_2,82,True
1790235233.747,distance_sensor_2,82,True
1790235270.594,distance_sensor_2,84,True
1790235270.594,distance_sensor_2,78,True
1790235274.480,distance_sensor_2,78,True
1790235289.994,distance_sensor_2,83,True
1790235294.932,distance_sensor_2,78,True
1790235310.413,distance_sensor_2,84,True
1790235328.147,distance_sensor_2,78,True
1790235330.231,distance_sensor_2,85,True
1790235331.264,distance_sensor_2,79,True
1790235349.529,distance_sensor_2,78,True
1790235381.444,distance_sensor_2,79,True
1790235394.931,distance_sensor_2,78,True
1790235421.265,distance_sensor_2,82,True
1790235525.195,distance_sensor_2,82,True
1790235559.814,distance_sensor_2,78,True
1790235580.130,distance_sensor_2,78,True
1790235641.462,distance_sensor_2,83,True
1790235682.092,distance_sensor_2,78,True
1790235702.578,distance_sensor_2,82,True
1790235722.926,distance_sensor_2,82,True
1790235743.176,distance_sensor_2,77,True
1790235763.691,distance_sensor_2,77,True
1790235831.291,distance_sensor_2,85,True
1790235845.212,distance_sensor_2,80,True
1790235865.510,distance_sensor_2,80,True
1790235882.476,distance_sensor_2,80,True
1790235967.492,distance_sensor_2,81,True
1790235987.769,distance_sensor_2,81,True
1790236008.311,distance_sensor_2,81,True
1790236028.661,distance_sensor_2,81,True
1790236163.276,distance_sensor_2,81,True
1790236212.072,distance_sensor_2,81,True
1790236256.876,distance_sensor_2,86,True
1790236293.160,distance_sensor_2,81,True
1790236334.924,distance_sensor_2,81,True
1790236346.288,distance_sensor_2,86,True
1790236375.175,distance_sensor_2,81,True
1790236415.822,distance_sensor_2,82,True
1790236437.357,distance_sensor_2,80,True
1790236442.358,distance_sensor_2,85,True
1790236449.224,distance_sensor_2,79,True
1790236494.973,distance_sensor_2,79,True
1790236497.483,distance_sensor_2,84,True
1790236498.508,distance_sensor_2,79,True
1790236505.940,distance_sensor_2,84,True
1790236510.321,distance_sensor_2,84,True
1790236561.607,distance_sensor_2,84,True
1790236562.657,distance_sensor_2,78,True
1790236577.421,distance_sensor_2,79,True
1790236597.457,distance_sensor_2,79,True
1790236599.320,distance_sensor_2,85,True
1790236628.690,distance_sensor_2,85,True
1790236629.721,distance_sensor_2,78,True
1790236639.716,distance_sensor_2,84,True
1790236680.889,distance_sensor_2,85,True
1790236722.538,distance_sensor_2,79,True
1790236741.573,distance_sensor_2,85,True
1790236745.954,distance_sensor_2,84,True
1790236749.438,distance_sensor_2,84,True
1790236760.854,distance_sensor_2,83,True
1790236779.736,distance_sensor_2,84,True
1790236782.857,distance_sensor_2,79,True
1790236843.985,distance_sensor_2,80,True
1790236864.256,distance_sensor_2,80,True
1790236967.203,distance_sensor_2,78,True
1790236986.671,distance_sensor_2,83,True
1790237007.021,distance_sensor_2,83,True
1790237027.251,distance_sensor_2,78,True
1790237068.203,distance_sensor_2,85,True
1790237072.536,distance_sensor_2,80,True
1790237108.967,distance_sensor_2,85,True
1790237149.568,distance_sensor_2,79,True
1790237177.083,distance_sensor_2,80,True
1790237199.335,distance_sensor_2,80,True
1790237333.042,distance_sensor_2,85,True
1790237379.302,distance_sensor_2,80,True
1790237496.130,distance_sensor_2,79,True
1790237515.567,distance_sensor_2,79,True
1790237516.616,distance_sensor_2,84,True
1790237521.966,distance_sensor_2,84,True
1790237530.431,distance_sensor_2,79,True
1790237532.533,distance_sensor_2,79,True
1790237618.499,distance_sensor_2,80,True
1790237720.330,distance_sensor_2,84,True
1790237934.629,distance_sensor_2,79,True
1790237982.378,distance_sensor_2,81,True
1790237987.762,distance_sensor_2,81,True
1790238019.549,distance_sensor_2,81,True
1790238028.664,distance_sensor_2,81,True
1790238036.546,distance_sensor_2,81,True
1790238047.031,distance_sensor_2,81,True
1790238071.313,distance_sensor_2,81,True
1790238124.126,distance_sensor_2,81,True
1790238200.511,distance_sensor_2,77,True
1790238269.795,distance_sensor_2,79,True
1790238272.113,distance_sensor_2,84,True
1790238315.912,distance_sensor_2,78,True
1790238325.897,distance_sensor_2,78,True
1790238326.953,distance_sensor_2,83,True
1790238326.954,distance_sensor_2,78,True
1790238331.714,distance_sensor_2,78,True
1790238332.347,distance_sensor_2,83,True
1790238332.763,distance_sensor_2,83,True
1790238334.228,distance_sensor_2,78,True
1790238352.078,distance_sensor_2,84,True
1790238367.144,distance_sensor_2,84,True
1790238367.564,distance_sensor_2,79,True
1790238397.944,distance_sensor_2,78,True
1790238664.325,distance_sensor_2,79,True
1790238666.795,distance_sensor_2,84,True
1790238667.411,distance_sensor_2,79,True
1790238698.674,distance_sensor_2,82,True
1790238711.122,distance_sensor_2,79,True
1790238739.859,distance_sensor_2,79,True
1790238780.210,distance_sensor_2,80,True
1790238780.210,distance_sensor_2,75,True
1790239103.757,distance_sensor_2,83,True
1790239124.170,distance_sensor_2,82,True
1790239149.658,distance_sensor_2,82,True
1790239164.007,distance_sensor_2,82,True
1790239190.890,distance_sensor_2,82,True
1790239215.252,distance_sensor_2,77,True
1790239248.935,distance_sensor_2,77,True
1790239303.607,distance_sensor_2,82,True
1790239371.253,distance_sensor_2,83,True
1790239400.668,distance_sensor_2,85,True
1790239493.602,distance_sensor_2,79,True
1790239538.405,distance_sensor_2,84,True
1790239575.070,distance_sensor_2,80,True
1790239656.654,distance_sensor_2,80,True
1790239697.304,distance_sensor_2,80,True
1790239839.989,distance_sensor_2,81,True
1790240064.202,distance_sensor_2,81,True
1790240119.986,distance_sensor_2,81,True
1790240132.452,distance_sensor_2,81,True
1790240142.232,distance_sensor_2,81,True
1790240333.198,distance_sensor_2,81,True
1790240369.932,distance_sensor_2,81,True
1790240390.300,distance_sensor_2,81,True
1790240492.348,distance_sensor_2,80,True
1790240512.697,distance_sensor_2,80,True
1790240533.047,distance_sensor_2,80,True
1790240537.969,distance_sensor_2,80,True
1790240538.582,distance_sensor_2,85,True
1790240578.317,distance_sensor_2,80,True
1790240648.310,distance_sensor_2,80,True
1790240663.263,distance_sensor_2,80,True
1790240913.907,distance_sensor_2,79,True
1790240920.360,distance_sensor_2,84,True
1790240935.711,distance_sensor_2,83,True
1790240936.759,distance_sensor_2,78,True
1790240959.580,distance_sensor_2,78,True
1790240961.080,distance_sensor_2,83,True
1790240973.112,distance_sensor_2,78,True
1790240982.496,distance_sensor_2,84,True
1790241028.293,distance_sensor_2,79,True
1790241042.495,distance_sensor_2,85,True
1790241103.357,distance_sensor_2,80,True
1790241266.292,distance_sensor_2,84,True
1790241266.707,distance_sensor_2,78,True
1790241346.806,distance_sensor_2,83,True
1790241379.142,distance_sensor_2,80,True
1790241388.033,distance_sensor_2,85,True
1790241388.677,distance_sensor_2,79,True
1790241409.407,distance_sensor_2,84,True
1790241439.793,distance_sensor_2,79,True
1790241448.699,distance_sensor_2,84,True
1790241450.140,distance_sensor_2,79,True
1790241455.741,distance_sensor_2,85,True
1790241457.610,distance_sensor_2,76,True
1790241488.493,distance_sensor_2,81,True
1790241501.909,distance_sensor_2,81,True
1790241511.440,distance_sensor_2,81,True
1790241525.342,distance_sensor_2,81,True
1790241537.342,distance_sensor_2,84,True
1790241540.689,distance_sensor_2,79,True
1790241545.674,distance_sensor_2,79,True
1790241694.758,distance_sensor_2,76,True
1790241755.954,distance_sensor_2,77,True
1790241776.241,distance_sensor_2,83,True
1790241796.638,distance_sensor_2,78,True
1790241857.903,distance_sensor_2,78,True
1790241920.604,distance_sensor_2,84,True
1790242261.038,distance_sensor_2,81,True
1790242358.085,distance_sensor_2,82,True
1790242367.485,distance_sensor_2,82,True
1790242382.836,distance_sensor_2,82,True
1790242510.067,distance_sensor_2,80,True
1790242611.949,distance_sensor_2,84,True
1790242693.500,distance_sensor_2,84,True
1790242713.850,distance_sensor_2,79,True
1790242754.619,distance_sensor_2,79,True
1790242778.581,distance_sensor_2,78,True
1790242856.469,distance_sensor_2,78,True
1790242859.133,distance_sensor_2,83,True
1790242917.716,distance_sensor_2,81,True
1790242958.465,distance_sensor_2,81,True
1790242978.797,distance_sensor_2,81,True
1790243508.846,distance_sensor_2,81,True
1790243529.180,distance_sensor_2,81,True
1790243549.460,distance_sensor_2,80,True
1790243662.993,distance_sensor_2,86,True
1790243663.394,distance_sensor_2,81,True
1790243733.012,distance_sensor_2,81,True
1790243753.296,distance_sensor_2,81,True
1790243773.729,distance_sensor_2,81,True
1790243794.145,distance_sensor_2,81,True
1790243895.993,distance_sensor_2,80,True
1790243912.891,distance_sensor_2,85,True
1790243957.160,distance_sensor_2,80,True
1790243977.590,distance_sensor_2,80,True
1790244016.827,distance_sensor_2,80,True
1790244018.275,distance_sensor_2,80,True
1790244030.277,distance_sensor_2,85,True
1790244030.693,distance_sensor_2,85,True
1790244038.574,distance_sensor_2,85,True
1790244060.559,distance_sensor_2,85,True
1790244174.041,distance_sensor_2,81,True
1790244344.351,distance_sensor_2,84,True
1790244385.089,distance_sensor_2,85,True
1790244392.589,distance_sensor_2,79,True
1790244404.001,distance_sensor_2,77,True
1790244425.836,distance_sensor_2,85,True
1790244446.327,distance_sensor_2,80,True
1790244454.222,distance_sensor_2,80,True
1790244455.875,distance_sensor_2,85,True
1790244508.940,distance_sensor_2,80,True
1790244676.555,distance_sensor_2,81,True
1790244853.869,distance_sensor_2,77,True
1790244894.821,distance_sensor_2,82,True
1790244915.105,distance_sensor_2,82,True
1790244935.488,distance_sensor_2,82,True
1790245035.355,distance_sensor_2,82,True
1790245037.469,distance_sensor_2,77,True
1790245063.203,distance_sensor_2,80,True
1790245180.052,distance_sensor_2,82,True
1790245465.313,distance_sensor_2,82,True
1790245750.675,distance_sensor_2,82,True
1790245778.116,distance_sensor_2,82,True
1790245940.297,distance_sensor_2,82,True
1790245969.978,distance_sensor_2,82,True
1790246061.528,distance_sensor_2,82,True
1790246078.397,distance_sensor_2,82,True
1790246097.176,distance_sensor_2,78,True
1790246102.814,distance_sensor_2,83,True
1790246113.747,distance_sensor_2,81,True
1790246153.830,distance_sensor_2,81,True
1790246160.928,distance_sensor_2,81,True
1790246173.915,distance_sensor_2,81,True
1790246176.421,distance_sensor_2,86,True
1790246176.848,distance_sensor_2,81,True
1790246190.762,distance_sensor_2,82,True
1790246207.698,distance_sensor_2,77,True
1790246260.381,distance_sensor_2,78,True
1790246382.516,distance_sensor_2,84,True
1790246402.877,distance_sensor_2,79,True
1790246565.942,distance_sensor_2,79,True
1790246606.812,distance_sensor_2,85,True
1790246618.309,distance_sensor_2,81,True
1790246647.524,distance_sensor_2,81,True
1790246667.842,distance_sensor_2,81,True
1790246973.591,distance_sensor_2,79,True
1790247075.556,distance_sensor_2,85,True
1790247197.771,distance_sensor_2,84,True
1790247232.708,distance_sensor_2,83,True
1790247253.955,distance_sensor_2,83,True
1790247391.205,distance_sensor_2,82,True
1790247424.041,distance_sensor_2,82,True
1790247544.369,distance_sensor_2,82,True
1790247559.305,distance_sensor_2,83,True
1790247582.718,distance_sensor_2,83,True
1790247595.621,distance_sensor_2,83,True
1790247666.718,distance_sensor_2,84,True
1790247700.504,distance_sensor_2,84,True
1790247746.705,distance_sensor_2,84,True
1790247749.187,distance_sensor_2,84,True
1790247764.503,distance_sensor_2,79,True
1790247786.017,distance_sensor_2,79,True
1790247800.936,distance_sensor_2,79,True
1790247816.700,distance_sensor_2,85,True
1790247850.016,distance_sensor_2,80,True
1790247870.366,distance_sensor_2,85,True
1790247874.470,distance_sensor_2,84,True
1790247911.267,distance_sensor_2,84,True
1790247931.567,distance_sensor_2,83,True
1790247964.503,distance_sensor_2,78,True
1790247992.701,distance_sensor_2,83,True
1790248114.934,distance_sensor_2,79,True
1790248257.632,distance_sensor_2,80,True
1790248281.633,distance_sensor_2,85,True
1790248298.448,distance_sensor_2,85,True
1790248402.934,distance_sensor_2,82,True
1790248411.847,distance_sensor_2,82,True
1790248450.565,distance_sensor_2,82,True
1790248496.796,distance_sensor_2,82,True
1790248537.615,distance_sensor_2,82,True
1790248562.062,distance_sensor_2,82,True
1790248574.883,distance_sensor_2,77,True
1790248588.794,distance_sensor_2,77,True
1790248685.682,distance_sensor_2,84,True
1790248692.131,distance_sensor_2,79,True
1790248706.166,distance_sensor_2,79,True
1790248707.644,distance_sensor_2,79,True
1790248716.599,distance_sensor_2,84,True
1790248720.510,distance_sensor_2,84,True
1790248724.446,distance_sensor_2,84,True
1790248752.763,distance_sensor_2,83,True
1790248767.262,distance_sensor_2,84,True
1790248771.820,distance_sensor_2,79,True
1790248776.798,distance_sensor_2,85,True
1790248785.744,distance_sensor_2,80,True
1790248787.613,distance_sensor_2,80,True
1790248802.552,distance_sensor_2,80,True
1790248807.909,distance_sensor_2,85,True
1790248808.111,distance_sensor_2,79,True
1790248828.331,distance_sensor_2,85,True
1790248828.331,distance_sensor_2,85,True
1790248836.379,distance_sensor_2,80,True
1790248839.297,distance_sensor_2,80,True
1790248844.279,distance_sensor_2,85,True
1790248848.844,distance_sensor_2,84,True
1790248851.313,distance_sensor_2,84,True
1790248866.227,distance_sensor_2,85,True
1790248875.595,distance_sensor_2,85,True
1790248930.410,distance_sensor_2,80,True
1790248950.745,distance_sensor_2,79,True
1790249008.445,distance_sensor_2,80,True
1790249032.243,distance_sensor_2,85,True
1790249064.092,distance_sensor_2,85,True
1790249065.130,distance_sensor_2,79,True
1790249073.008,distance_sensor_2,79,True
1790249100.907,distance_sensor_2,79,True
1790249154.529,distance_sensor_2,85,True
1790249201.361,distance_sensor_2,80,True
1790249201.361,distance_sensor_2,85,True
1790249215.596,distance_sensor_2,79,True
1790249236.107,distance_sensor_2,84,True
1790249297.276,distance_sensor_2,80,True
1790249317.579,distance_sensor_2,80,True
1790249378.778,distance_sensor_2,82,True
1790249399.027,distance_sensor_2,81,True
1790249422.075,distance_sensor_2,81,True
1790249439.858,distance_sensor_2,81,True
1790249478.577,distance_sensor_2,81,True
1790249510.977,distance_sensor_2,81,True
1790249538.727,distance_sensor_2,81,True
1790249576.576,distance_sensor_2,81,True
1790249644.176,distance_sensor_2,81,True
1790249644.808,distance_sensor_2,86,True
1790249645.624,distance_sensor_2,81,True
1790249704.876,distance_sensor_2,82,True
1790249720.657,distance_sensor_2,82,True
1790249725.211,distance_sensor_2,85,True
1790249741.143,distance_sensor_2,80,True
1790249766.026,distance_sensor_2,80,True
1790249786.426,distance_sensor_2,85,True
1790249847.564,distance_sensor_2,79,True
1790249867.824,distance_sensor_2,79,True
1790249904.141,distance_sensor_2,84,True
1790249908.541,distance_sensor_2,79,True
1790249929.072,distance_sensor_2,79,True
1790249981.222,distance_sensor_2,79,True
1790249994.103,distance_sensor_2,84,True
1790249995.139,distance_sensor_2,79,True
1790250021.924,distance_sensor_2,85,True
1790250024.437,distance_sensor_2,80,True
1790250048.422,distance_sensor_2,80,True
1790250075.605,distance_sensor_2,85,True
1790250173.555,distance_sensor_2,83,True
1790250274.521,distance_sensor_2,78,True
1790250275.553,distance_sensor_2,85,True
1790250295.970,distance_sensor_2,84,True
1790250316.825,distance_sensor_2,79,True
1790250317.854,distance_sensor_2,85,True
1790250336.622,distance_sensor_2,85,True
1790250406.351,distance_sensor_2,86,True
1790250407.187,distance_sensor_2,81,True
1790250409.704,distance_sensor_2,81,True
1790250421.121,distance_sensor_2,81,True
1790250421.753,distance_sensor_2,86,True
1790250505.100,distance_sensor_2,81,True
1790250564.471,distance_sensor_2,86,True
1790250611.018,distance_sensor_2,81,True
1790250624.120,distance_sensor_2,86,True
1790250642.399,distance_sensor_2,86,True
1790250741.732,distance_sensor_2,78,True
1790250742.770,distance_sensor_2,84,True
1790250749.350,distance_sensor_2,84,True
1790250759.698,distance_sensor_2,86,True
1790250824.900,distance_sensor_2,86,True
1790250825.317,distance_sensor_2,77,True
1790250825.735,distance_sensor_2,83,True
1790250835.748,distance_sensor_2,83,True
1790250868.120,distance_sensor_2,86,True
1790250898.019,distance_sensor_2,84,True
1790250903.399,distance_sensor_2,84,True
1790250935.132,distance_sensor_2,84,True
1790250989.320,distance_sensor_2,83,True
1790251041.632,distance_sensor_2,79,True
1790251048.099,distance_sensor_2,84,True
1790251049.949,distance_sensor_2,84,True
1790251070.430,distance_sensor_2,84,True
1790251090.746,distance_sensor_2,79,True
1790251103.167,distance_sensor_2,84,True
1790251111.216,distance_sensor_2,84,True
1790251114.096,distance_sensor_2,79,True
1790251119.049,distance_sensor_2,78,True
1790251120.718,distance_sensor_2,78,True
1790251124.032,distance_sensor_2,84,True
1790251133.530,distance_sensor_2,78,True
1790251136.015,distance_sensor_2,83,True
1790251156.932,distance_sensor_2,78,True
1790251172.263,distance_sensor_2,79,True
1790251185.266,distance_sensor_2,84,True
1790251192.745,distance_sensor_2,79,True
1790251233.344,distance_sensor_2,78,True
1790251275.283,distance_sensor_2,84,True
1790251275.699,distance_sensor_2,78,True
1790251314.981,distance_sensor_2,83,True
1790251355.709,distance_sensor_2,84,True
1790251457.730,distance_sensor_2,77,True
1790251478.031,distance_sensor_2,85,True
1790251518.705,distance_sensor_2,85,True
1790251539.178,distance_sensor_2,80,True
1790251600.428,distance_sensor_2,80,True
1790251712.746,distance_sensor_2,81,True
1790251811.061,distance_sensor_2,81,True
1790251890.790,distance_sensor_2,81,True
1790251967.243,distance_sensor_2,81,True
1790252069.159,distance_sensor_2,83,True
1790252109.878,distance_sensor_2,83,True
1790252130.223,distance_sensor_2,83,True
1790252164.626,distance_sensor_2,80,True
1790252202.941,distance_sensor_2,85,True
1790252203.360,distance_sensor_2,80,True
1790252231.185,distance_sensor_2,79,True
1790252232.225,distance_sensor_2,79,True
1790252242.157,distance_sensor_2,85,True
1790252334.057,distance_sensor_2,78,True
1790252415.506,distance_sensor_2,83,True
1790252435.873,distance_sensor_2,83,True
1790252482.207,distance_sensor_2,78,True
1790252497.114,distance_sensor_2,84,True
1790252537.824,distance_sensor_2,84,True
1790252680.537,distance_sensor_2,83,True
1790252701.006,distance_sensor_2,83,True
1790252721.272,distance_sensor_2,83,True
1790252739.309,distance_sensor_2,84,True
1790252786.888,distance_sensor_2,79,True
1790252863.998,distance_sensor_2,81,True
1790252904.720,distance_sensor_2,86,True
1790253001.804,distance_sensor_2,81,True
1790253039.968,distance_sensor_2,86,True
1790253041.420,distance_sensor_2,80,True
1790253081.818,distance_sensor_2,80,True
1790253174.804,distance_sensor_2,85,True
1790253177.323,distance_sensor_2,80,True
1790253199.986,distance_sensor_2,80,True
1790253219.486,distance_sensor_2,80,True
1790253219.486,distance_sensor_2,80,True
1790253230.804,distance_sensor_2,81,True
1790253257.219,distance_sensor_2,86,True
1790253257.835,distance_sensor_2,86,True
1790253312.369,distance_sensor_2,79,True
1790253325.854,distance_sensor_2,85,True
1790253414.253,distance_sensor_2,85,True
1790253434.751,distance_sensor_2,78,True
1790253556.900,distance_sensor_2,85,True
1790253605.303,distance_sensor_2,80,True
1790253679.318,distance_sensor_2,85,True
1790253683.282,distance_sensor_2,80,True
1790253716.016,distance_sensor_2,81,True
1790253717.683,distance_sensor_2,87,True
1790253734.897,distance_sensor_2,81,True
1790253794.566,distance_sensor_2,80,True
1790253804.133,distance_sensor_2,81,True
1790253842.350,distance_sensor_2,81,True
1790253854.749,distance_sensor_2,81,True
1790253862.663,distance_sensor_2,81,True
1790253879.730,distance_sensor_2,86,True
1790253880.151,distance_sensor_2,81,True
1790253889.012,distance_sensor_2,86,True
1790253923.813,distance_sensor_2,84,True
1790253964.732,distance_sensor_2,84,True
1790254046.201,distance_sensor_2,84,True
1790254066.564,distance_sensor_2,84,True
1790254086.864,distance_sensor_2,83,True
1790254107.349,distance_sensor_2,83,True
1790254132.615,distance_sensor_2,79,True
1790254132.615,distance_sensor_2,85,True
1790254147.961,distance_sensor_2,86,True
1790254169.911,distance_sensor_2,86,True
1790254170.527,distance_sensor_2,81,True
1790254209.842,distance_sensor_2,79,True
1790254210.644,distance_sensor_2,84,True
1790254239.982,distance_sensor_2,80,True
1790254241.630,distance_sensor_2,80,True
1790254249.964,distance_sensor_2,80,True
1790254258.895,distance_sensor_2,80,True
1790254311.077,distance_sensor_2,82,True
1790254331.577,distance_sensor_2,82,True
1790254351.898,distance_sensor_2,82,True
1790254474.246,distance_sensor_2,81,True
1790254511.428,distance_sensor_2,84,True
1790254534.378,distance_sensor_2,84,True
1790254536.428,distance_sensor_2,79,True
1790254560.228,distance_sensor_2,79,True
1790254563.778,distance_sensor_2,79,True
1790254564.193,distance_sensor_2,85,True
1790254564.194,distance_sensor_2,80,True
1790254584.479,distance_sensor_2,81,True
1790254616.878,distance_sensor_2,81,True
1790254637.173,distance_sensor_2,81,True
1790254657.511,distance_sensor_2,81,True
1790254678.027,distance_sensor_2,81,True
1790254809.194,distance_sensor_2,81,True
1790254819.755,distance_sensor_2,81,True
1790254850.142,distance_sensor_2,86,True
1790254853.472,distance_sensor_2,85,True
1790254861.426,distance_sensor_2,85,True
1790254861.426,distance_sensor_2,85,True
1790254881.891,distance_sensor_2,85,True
1790254901.773,distance_sensor_2,84,True
1790254911.160,distance_sensor_2,84,True
1790254913.675,distance_sensor_2,84,True
1790254922.592,distance_sensor_2,83,True
1790254940.476,distance_sensor_2,83,True
1790254947.922,distance_sensor_2,83,True
1790254958.459,distance_sensor_2,83,True
1790254983.691,distance_sensor_2,78,True
1790255000.676,distance_sensor_2,83,True
1790255015.605,distance_sensor_2,83,True
1790255027.990,distance_sensor_2,83,True
1790255044.875,distance_sensor_2,83,True
1790255065.157,distance_sensor_2,83,True
1790255106.106,distance_sensor_2,78,True
1790255148.243,distance_sensor_2,85,True
1790255148.858,distance_sensor_2,79,True
1790255187.423,distance_sensor_2,85,True
1790255203.492,distance_sensor_2,85,True
1790255206.372,distance_sensor_2,80,True
1790255213.406,distance_sensor_2,80,True
1790255224.356,distance_sensor_2,85,True
1790255224.774,distance_sensor_2,85,True
1790255229.740,distance_sensor_2,85,True
1790255269.007,distance_sensor_2,79,True
1790255323.194,distance_sensor_2,83,True
1790255493.357,distance_sensor_2,77,True
1790255574.857,distance_sensor_2,78,True
1790255589.206,distance_sensor_2,83,True
1790255658.738,distance_sensor_2,83,True
1790255819.402,distance_sensor_2,81,True
1790255837.754,distance_sensor_2,81,True
1790255900.985,distance_sensor_2,81,True
1790256023.237,distance_sensor_2,88,True
1790256212.217,distance_sensor_2,82,True
1790256247.352,distance_sensor_2,77,True
1790256278.267,distance_sensor_2,82,True
1790256308.532,distance_sensor_2,82,True
1790256354.883,distance_sensor_2,82,True
1790256654.966,distance_sensor_2,79,True
1790256716.266,distance_sensor_2,78,True
1790256719.610,distance_sensor_2,78,True
1790256842.860,distance_sensor_2,82,True
1790256876.213,distance_sensor_2,77,True
1790256898.630,distance_sensor_2,82,True
1790256906.116,distance_sensor_2,82,True
1790256967.196,distance_sensor_2,82,True
1790256968.232,distance_sensor_2,87,True
1790256981.079,distance_sensor_2,86,True
1790257021.980,distance_sensor_2,77,True
1790257042.181,distance_sensor_2,86,True
1790257135.388,distance_sensor_2,81,True
1790257147.795,distance_sensor_2,84,True
1790257156.743,distance_sensor_2,78,True
1790257164.609,distance_sensor_2,84,True
1790257167.528,distance_sensor_2,79,True
1790257185.009,distance_sensor_2,79,True
1790257202.427,distance_sensor_2,86,True
1790257219.225,distance_sensor_2,80,True
1790257222.310,distance_sensor_2,80,True
1790257257.477,distance_sensor_2,86,True
1790257287.926,distance_sensor_2,78,True
1790257289.957,distance_sensor_2,83,True
1790257296.845,distance_sensor_2,83,True
1790257337.675,distance_sensor_2,83,True
1790257340.595,distance_sensor_2,78,True
1790257348.028,distance_sensor_2,79,True
1790257381.809,distance_sensor_2,85,True
1790257389.227,distance_sensor_2,80,True
1790257413.256,distance_sensor_2,80,True
1790257449.978,distance_sensor_2,86,True
1790257454.558,distance_sensor_2,84,True
1790257486.291,distance_sensor_2,80,True
1790257487.341,distance_sensor_2,80,True
1790257490.641,distance_sensor_2,80,True
1790257511.026,distance_sensor_2,85,True
1790257526.110,distance_sensor_2,85,True
1790257526.941,distance_sensor_2,78,True
1790257531.460,distance_sensor_2,83,True
1790257592.205,distance_sensor_2,78,True
1790257599.024,distance_sensor_2,79,True
1790257602.106,distance_sensor_2,79,True
1790257618.085,distance_sensor_2,84,True
1790257653.817,distance_sensor_2,84,True
1790257694.574,distance_sensor_2,85,True
1790257714.927,distance_sensor_2,80,True
1790257735.338,distance_sensor_2,80,True
1790257787.059,distance_sensor_2,79,True
1790257796.406,distance_sensor_2,84,True
1790257877.975,distance_sensor_2,79,True
1790257894.339,distance_sensor_2,79,True
1790257898.307,distance_sensor_2,77,True
1790258006.238,distance_sensor_2,80,True
1790258666.883,distance_sensor_2,82,True
1790258767.884,distance_sensor_2,82,True
1790258937.834,distance_sensor_2,81,True
1790258958.197,distance_sensor_2,81,True
1790258978.535,distance_sensor_2,81,True
1790258998.867,distance_sensor_2,81,True
1790259018.368,distance_sensor_2,81,True
1790259040.599,distance_sensor_2,81,True
1790259059.993,distance_sensor_2,81,True
1790259080.500,distance_sensor_2,81,True
1790259100.746,distance_sensor_2,81,True
1790259141.546,distance_sensor_2,80,True
1790259181.016,distance_sensor_2,81,True
1790259341.479,distance_sensor_2,82,True
1790259341.895,distance_sensor_2,82,True
1790259406.482,distance_sensor_2,82,True
1790259426.828,distance_sensor_2,82,True
1790259447.344,distance_sensor_2,82,True
1790259544.312,distance_sensor_2,77,True
1790260099.962,distance_sensor_2,82,True
1790260263.559,distance_sensor_2,82,True
1790260276.561,distance_sensor_2,82,True
1790260317.324,distance_sensor_2,82,True
1790260345.689,distance_sensor_2,82,True
1790260401.292,distance_sensor_2,80,True
1790260507.218,distance_sensor_2,83,True
1790260527.490,distance_sensor_2,83,True
1790260568.241,distance_sensor_2,79,True
1790260572.374,distance_sensor_2,85,True
1790260579.221,distance_sensor_2,84,True
1790260649.738,distance_sensor_2,80,True
1790260665.205,distance_sensor_2,80,True
1790260687.720,distance_sensor_2,80,True
1790260738.389,distance_sensor_2,77,True
1790260738.389,distance_sensor_2,83,True
1790260766.785,distance_sensor_2,83,True
1790260782.089,distance_sensor_2,83,True
1790260813.470,distance_sensor_2,78,True
1790260894.385,distance_sensor_2,85,True
1790260955.520,distance_sensor_2,81,True
1790260975.937,distance_sensor_2,81,True
1790261159.305,distance_sensor_2,79,True
1790261183.303,distance_sensor_2,86,True
1790261184.752,distance_sensor_2,81,True
1790261220.555,distance_sensor_2,77,True
1790261281.753,distance_sensor_2,82,True
1790261465.034,distance_sensor_2,82,True
1790261485.482,distance_sensor_2,82,True
1790261546.531,distance_sensor_2,88,True
1790261704.765,distance_sensor_2,81,True
1790261768.817,distance_sensor_2,81,True
1790261811.564,distance_sensor_2,81,True
1790261831.996,distance_sensor_2,81,True
1790261852.266,distance_sensor_2,81,True
1790261954.266,distance_sensor_2,81,True
1790261974.532,distance_sensor_2,81,True
1790262076.477,distance_sensor_2,81,True
1790262178.465,distance_sensor_2,81,True
1790262198.848,distance_sensor_2,81,True
1790262215.777,distance_sensor_2,81,True
1790262244.998,distance_sensor_2,86,True
1790262246.029,distance_sensor_2,81,True
1790262278.830,distance_sensor_2,81,True
1790262288.812,distance_sensor_2,81,True
1790262339.545,distance_sensor_2,81,True
1790262443.511,distance_sensor_2,81,True
1790262463.760,distance_sensor_2,81,True
1790262545.244,distance_sensor_2,81,True
1790262565.761,distance_sensor_2,79,True
1790262585.994,distance_sensor_2,79,True
1790262605.467,distance_sensor_2,83,True
1790262647.158,distance_sensor_2,85,True
1790262666.694,distance_sensor_2,85,True
1790262668.561,distance_sensor_2,80,True
1790262679.577,distance_sensor_2,80,True
1790262687.873,distance_sensor_2,85,True
1790262740.773,distance_sensor_2,85,True
1790262742.243,distance_sensor_2,85,True
1790262810.292,distance_sensor_2,81,True
1790262830.610,distance_sensor_2,81,True
1790262855.043,distance_sensor_2,81,True
1790262877.376,distance_sensor_2,81,True
1790262917.159,distance_sensor_2,85,True
1790262952.993,distance_sensor_2,80,True
1790262954.023,distance_sensor_2,85,True
1790262956.943,distance_sensor_2,80,True
1790262992.677,distance_sensor_2,80,True
1790263018.092,distance_sensor_2,85,True
1790263018.522,distance_sensor_2,80,True
1790263019.557,distance_sensor_2,85,True
1790263028.057,distance_sensor_2,85,True
1790263030.974,distance_sensor_2,80,True
1790263034.457,distance_sensor_2,80,True
1790263075.257,distance_sensor_2,83,True
1790263115.941,distance_sensor_2,82,True
1790263177.191,distance_sensor_2,84,True
1790263279.120,distance_sensor_2,85,True
1790263319.827,distance_sensor_2,85,True
1790263340.270,distance_sensor_2,80,True
1790263390.355,distance_sensor_2,84,True
1790263391.391,distance_sensor_2,79,True
1790263406.924,distance_sensor_2,79,True
1790263411.291,distance_sensor_2,84,True
1790263421.236,distance_sensor_2,78,True
1790263428.306,distance_sensor_2,83,True
1790263496.822,distance_sensor_2,82,True
1790263809.036,distance_sensor_2,85,True
1790263857.738,distance_sensor_2,86,True
1790263867.270,distance_sensor_2,80,True
1790263872.052,distance_sensor_2,81,True
1790264196.254,distance_sensor_2,77,True
1790264208.669,distance_sensor_2,82,True
1790264271.284,distance_sensor_2,84,True
1790264277.685,distance_sensor_2,83,True
1790264298.203,distance_sensor_2,83,True
1790264500.451,distance_sensor_2,83,True
1790264511.014,distance_sensor_2,83,True
1790264522.283,distance_sensor_2,83,True
1790264603.907,distance_sensor_2,78,True
1790264652.732,distance_sensor_2,83,True
1790264655.652,distance_sensor_2,78,True
1790264656.697,distance_sensor_2,78,True
1790264746.584,distance_sensor_2,80,True
1790264749.067,distance_sensor_2,80,True
1790264776.998,distance_sensor_2,85,True
1790264787.234,distance_sensor_2,80,True
1790264868.813,distance_sensor_2,80,True
1790265031.931,distance_sensor_2,86,True
1790265054.361,distance_sensor_2,80,True
1790265061.232,distance_sensor_2,85,True
1790265134.830,distance_sensor_2,83,True
1790265138.748,distance_sensor_2,82,True
1790265167.597,distance_sensor_2,82,True
1790265215.298,distance_sensor_2,82,True
1790265233.731,distance_sensor_2,82,True
1790265297.913,distance_sensor_2,82,True
1790265326.313,distance_sensor_2,82,True
1790265355.629,distance_sensor_2,77,True
1790265356.046,distance_sensor_2,83,True
1790265362.911,distance_sensor_2,84,True
1790265368.077,distance_sensor_2,79,True
1790265419.062,distance_sensor_2,83,True
1790265455.494,distance_sensor_2,84,True
1790265479.920,distance_sensor_2,79,True
1790265480.329,distance_sensor_2,84,True
1790265528.458,distance_sensor_2,85,True
1790265530.096,distance_sensor_2,80,True
1790265571.727,distance_sensor_2,80,True
1790265573.796,distance_sensor_2,80,True
1790265615.480,distance_sensor_2,80,True
1790265622.945,distance_sensor_2,80,True
1790265632.892,distance_sensor_2,80,True
1790265663.791,distance_sensor_2,84,True
1790265679.162,distance_sensor_2,84,True
1790265680.194,distance_sensor_2,84,True
1790265684.127,distance_sensor_2,82,True
1790265685.179,distance_sensor_2,87,True
1790265686.229,distance_sensor_2,81,True
1790265707.579,distance_sensor_2,81,True
1790265745.177,distance_sensor_2,80,True
1790265765.579,distance_sensor_2,79,True
1790265789.560,distance_sensor_2,84,True
1790265815.828,distance_sensor_2,79,True
1790265819.359,distance_sensor_2,84,True
1790265847.157,distance_sensor_2,79,True
1790265874.480,distance_sensor_2,85,True
1790265881.525,distance_sensor_2,80,True
1790265908.309,distance_sensor_2,84,True
1790265946.677,distance_sensor_2,78,True
1790265964.959,distance_sensor_2,78,True
1790265969.489,distance_sensor_2,79,True
1790265974.971,distance_sensor_2,84,True
1790266007.777,distance_sensor_2,79,True
1790266010.242,distance_sensor_2,84,True
1790266026.676,distance_sensor_2,85,True
1790266031.610,distance_sensor_2,80,True
1790266050.941,distance_sensor_2,80,True
1790266064.389,distance_sensor_2,79,True
1790266091.747,distance_sensor_2,84,True
1790266105.659,distance_sensor_2,84,True
1790266112.093,distance_sensor_2,79,True
1790266159.959,distance_sensor_2,80,True
1790266184.859,distance_sensor_2,85,True
1790266193.776,distance_sensor_2,80,True
1790266213.005,distance_sensor_2,84,True
1790266214.039,distance_sensor_2,79,True
1790266275.191,distance_sensor_2,84,True
1790266299.658,distance_sensor_2,79,True
1790266313.972,distance_sensor_2,85,True
1790266316.042,distance_sensor_2,85,True
1790266327.841,distance_sensor_2,85,True
1790266328.858,distance_sensor_2,80,True
1790266356.841,distance_sensor_2,80,True
1790266377.104,distance_sensor_2,80,True
1790266417.823,distance_sensor_2,79,True
1790266560.538,distance_sensor_2,81,True
1790266703.274,distance_sensor_2,78,True
1790266708.687,distance_sensor_2,77,True
1790266732.152,distance_sensor_2,79,True
1790266742.124,distance_sensor_2,81,True
1790266775.738,distance_sensor_2,81,True
1790266784.802,distance_sensor_2,81,True
1790266803.652,distance_sensor_2,81,True
1790266812.702,distance_sensor_2,81,True
1790267029.285,distance_sensor_2,81,True
1790267070.071,distance_sensor_2,78,True
1790267082.486,distance_sensor_2,78,True
1790267120.923,distance_sensor_2,78,True
1790267131.303,distance_sensor_2,79,True
1790267171.984,distance_sensor_2,79,True
1790267183.550,distance_sensor_2,85,True
1790267188.550,distance_sensor_2,85,True
1790267294.202,distance_sensor_2,80,True
1790267370.883,distance_sensor_2,83,True
1790267416.632,distance_sensor_2,83,True
1790267474.333,distance_sensor_2,83,True
1790267484.698,distance_sensor_2,83,True
1790267510.469,distance_sensor_2,78,True
1790267531.032,distance_sensor_2,84,True
1790267538.797,distance_sensor_2,79,True
1790267546.784,distance_sensor_2,84,True
1790267549.297,distance_sensor_2,79,True
1790267576.249,distance_sensor_2,84,True
1790267588.567,distance_sensor_2,79,True
1790267589.600,distance_sensor_2,84,True
1790267596.484,distance_sensor_2,83,True
1790267597.550,distance_sensor_2,77,True
1790267598.999,distance_sensor_2,82,True
1790267770.031,distance_sensor_2,81,True
1790267774.583,distance_sensor_2,81,True
1790267864.966,distance_sensor_2,80,True
1790268109.665,distance_sensor_2,85,True
1790268150.228,distance_sensor_2,80,True
1790268170.747,distance_sensor_2,80,True
1790268191.080,distance_sensor_2,87,True
1790268292.979,distance_sensor_2,81,True
1790268361.129,distance_sensor_2,81,True
1790268384.580,distance_sensor_2,81,True
1790268391.444,distance_sensor_2,86,True
1790268682.343,distance_sensor_2,83,True
1790268683.175,distance_sensor_2,83,True
1790268721.091,distance_sensor_2,78,True
1790268802.511,distance_sensor_2,81,True
1790268969.509,distance_sensor_2,81,True
1790269084.490,distance_sensor_2,81,True
1790269128.709,distance_sensor_2,81,True
1790269210.072,distance_sensor_2,81,True
1790269230.587,distance_sensor_2,81,True
1790269250.937,distance_sensor_2,81,True
1790269319.038,distance_sensor_2,81,True
1790269326.922,distance_sensor_2,81,True
1790269334.438,distance_sensor_2,81,True
1790269336.507,distance_sensor_2,76,True
1790269393.537,distance_sensor_2,81,True
1790269413.956,distance_sensor_2,81,True
1790269475.123,distance_sensor_2,86,True
1790269658.588,distance_sensor_2,80,True
1790269679.021,distance_sensor_2,80,True
1790269699.334,distance_sensor_2,80,True
1790269716.271,distance_sensor_2,85,True
1790269717.703,distance_sensor_2,83,True
1790269728.703,distance_sensor_2,78,True
1790269729.118,distance_sensor_2,78,True
1790269730.171,distance_sensor_2,84,True
1790269730.602,distance_sensor_2,79,True
1790269758.004,distance_sensor_2,81,True
1790269875.884,distance_sensor_2,81,True
1790270066.135,distance_sensor_2,83,True
1790270086.616,distance_sensor_2,83,True
1790270290.351,distance_sensor_2,80,True
1790270310.818,distance_sensor_2,80,True
1790270547.898,distance_sensor_2,81,True
1790270671.165,distance_sensor_2,81,True
1790270681.097,distance_sensor_2,81,True
1790270759.179,distance_sensor_2,81,True
1790270769.132,distance_sensor_2,81,True
1790270834.676,distance_sensor_2,81,True
1790270859.579,distance_sensor_2,79,True
1790270867.595,distance_sensor_2,79,True
1790270881.929,distance_sensor_2,79,True
1790270911.329,distance_sensor_2,79,True
1790270922.129,distance_sensor_2,79,True
1790270969.977,distance_sensor_2,84,True
1790270975.950,distance_sensor_2,85,True
1790270988.366,distance_sensor_2,78,True
1790271003.760,distance_sensor_2,77,True
1790271035.625,distance_sensor_2,78,True
1790271039.560,distance_sensor_2,83,True
1790271052.591,distance_sensor_2,83,True
1790271095.162,distance_sensor_2,78,True
1790271101.176,distance_sensor_2,83,True
1790271133.611,distance_sensor_2,83,True
1790271155.894,distance_sensor_2,78,True
1790271161.896,distance_sensor_2,83,True
1790271166.894,distance_sensor_2,83,True
1790271170.844,distance_sensor_2,78,True
1790271178.324,distance_sensor_2,83,True
1790271179.358,distance_sensor_2,78,True
1790271207.661,distance_sensor_2,84,True
1790271289.073,distance_sensor_2,79,True
1790271370.711,distance_sensor_2,78,True
1790271391.061,distance_sensor_2,83,True
1790271411.360,distance_sensor_2,84,True
1790271453.179,distance_sensor_2,84,True
1790271527.695,distance_sensor_2,83,True
1790271554.607,distance_sensor_2,78,True
1790271565.592,distance_sensor_2,83,True
1790271570.993,distance_sensor_2,78,True
1790271571.409,distance_sensor_2,78,True
1790271571.409,distance_sensor_2,86,True
1790271574.494,distance_sensor_2,81,True
1790271598.758,distance_sensor_2,81,True
1790271726.655,distance_sensor_2,81,True
1790271742.959,distance_sensor_2,79,True
1790271756.508,distance_sensor_2,84,True
1790271900.472,distance_sensor_2,83,True
1790272145.173,distance_sensor_2,78,True
1790272165.453,distance_sensor_2,83,True
1790272187.906,distance_sensor_2,76,True
1790272188.322,distance_sensor_2,81,True
1790272248.554,distance_sensor_2,81,True
1790272313.171,distance_sensor_2,81,True
1790272449.338,distance_sensor_2,81,True
1790272456.850,distance_sensor_2,81,True
1790272471.288,distance_sensor_2,81,True
1790272473.804,distance_sensor_2,76,True
1790272477.319,distance_sensor_2,78,True
1790272497.536,distance_sensor_2,79,True
1790272507.488,distance_sensor_2,84,True
1790272541.303,distance_sensor_2,85,True
1790272542.351,distance_sensor_2,80,True
1790272543.367,distance_sensor_2,85,True
1790272552.901,distance_sensor_2,79,True
1790272562.253,distance_sensor_2,78,True
1790272573.637,distance_sensor_2,78,True
1790272574.269,distance_sensor_2,83,True
1790272579.684,distance_sensor_2,83,True
1790272589.686,distance_sensor_2,83,True
1790272634.305,distance_sensor_2,82,True
1790272654.269,distance_sensor_2,78,True
1790272667.166,distance_sensor_2,77,True
1790272669.219,distance_sensor_2,83,True
1790272669.635,distance_sensor_2,78,True
1790272772.064,distance_sensor_2,83,True
1790272817.799,distance_sensor_2,77,True
1790272853.635,distance_sensor_2,78,True
1790272860.485,distance_sensor_2,83,True
1790272877.849,distance_sensor_2,83,True
1790272884.899,distance_sensor_2,83,True
1790272950.984,distance_sensor_2,80,True
1790272980.818,distance_sensor_2,83,True
1790272995.751,distance_sensor_2,78,True
1790273001.164,distance_sensor_2,83,True
1790273021.667,distance_sensor_2,78,True
1790273038.401,distance_sensor_2,82,True
1790273103.116,distance_sensor_2,82,True
1790273115.183,distance_sensor_2,77,True
1790273119.513,distance_sensor_2,82,True
1790273127.448,distance_sensor_2,82,True
1790273143.946,distance_sensor_2,82,True
1790273180.200,distance_sensor_2,78,True
1790273181.247,distance_sensor_2,83,True
1790273198.667,distance_sensor_2,78,True
1790273230.882,distance_sensor_2,83,True
1790273282.100,distance_sensor_2,80,True
1790273345.196,distance_sensor_2,85,True
1790273388.561,distance_sensor_2,79,True
1790273412.264,distance_sensor_2,85,True
1790273429.645,distance_sensor_2,84,True
1790273434.196,distance_sensor_2,84,True
1790273469.983,distance_sensor_2,79,True
1790273502.278,distance_sensor_2,79,True
1790273531.082,distance_sensor_2,86,True
1790273592.246,distance_sensor_2,79,True
1790273653.441,distance_sensor_2,85,True
1790273734.844,distance_sensor_2,79,True
1790273796.060,distance_sensor_2,78,True
1790273816.409,distance_sensor_2,78,True
1790273836.753,distance_sensor_2,83,True
1790274244.544,distance_sensor_2,81,True
1790274275.377,distance_sensor_2,81,True
1790274305.625,distance_sensor_2,81,True
1790274327.059,distance_sensor_2,81,True
1790274347.427,distance_sensor_2,81,True
1790274407.506,distance_sensor_2,81,True
1790274427.854,distance_sensor_2,81,True
1790274448.225,distance_sensor_2,81,True
1790274469.691,distance_sensor_2,81,True
1790274573.108,distance_sensor_2,81,True
1790274611.440,distance_sensor_2,76,True
1790274652.074,distance_sensor_2,82,True
1790274662.174,distance_sensor_2,77,True
1790274662.590,distance_sensor_2,82,True
1790274672.512,distance_sensor_2,82,True
1790274687.015,distance_sensor_2,80,True
1790274691.991,distance_sensor_2,80,True
1790274724.163,distance_sensor_2,80,True
1790274774.439,distance_sensor_2,80,True
1790274803.320,distance_sensor_2,80,True
1790274810.128,distance_sensor_2,80,True
1790274815.323,distance_sensor_2,80,True
1790274835.471,distance_sensor_2,80,True
1790274855.920,distance_sensor_2,80,True
1790274876.228,distance_sensor_2,85,True
1790275039.472,distance_sensor_2,84,True
1790275059.785,distance_sensor_2,80,True
1790275127.890,distance_sensor_2,84,True
1790275127.890,distance_sensor_2,79,True
1790275177.522,distance_sensor_2,84,True
1790275385.887,distance_sensor_2,77,True
1790275508.048,distance_sensor_2,77,True
1790276099.128,distance_sensor_2,81,True
1790276577.510,distance_sensor_2,81,True
1790276604.327,distance_sensor_2,81,True
1790276629.059,distance_sensor_2,81,True
1790276647.478,distance_sensor_2,81,True
1790276698.794,distance_sensor_2,81,True
1790276737.578,distance_sensor_2,81,True
1790276751.462,distance_sensor_2,81,True
1790276823.961,distance_sensor_2,81,True
1790276879.610,distance_sensor_2,86,True
1790276896.025,distance_sensor_2,80,True
1790276898.110,distance_sensor_2,85,True
1790276898.527,distance_sensor_2,80,True
1790276899.989,distance_sensor_2,80,True
1790276975.624,distance_sensor_2,83,True
1790277036.673,distance_sensor_2,78,True
1790277093.523,distance_sensor_2,81,True
1790277098.920,distance_sensor_2,81,True
1790277120.290,distance_sensor_2,86,True
1790277188.390,distance_sensor_2,86,True
1790277190.906,distance_sensor_2,80,True
1790277203.339,distance_sensor_2,85,True
1790277205.830,distance_sensor_2,84,True
1790277215.187,distance_sensor_2,84,True
1790277270.524,distance_sensor_2,78,True
1790277281.359,distance_sensor_2,77,True
1790277362.956,distance_sensor_2,83,True
1790277383.307,distance_sensor_2,78,True
1790277386.855,distance_sensor_2,79,True
1790277388.722,distance_sensor_2,84,True
1790277417.586,distance_sensor_2,84,True
1790277478.680,distance_sensor_2,82,True
1790277485.085,distance_sensor_2,77,True
1790277495.622,distance_sensor_2,79,True
1790277498.085,distance_sensor_2,84,True
1790277577.607,distance_sensor_2,85,True
1790277578.635,distance_sensor_2,80,True
1790277597.122,distance_sensor_2,80,True
1790277597.971,distance_sensor_2,80,True
1790277605.420,distance_sensor_2,85,True
1790277607.489,distance_sensor_2,78,True
1790277673.037,distance_sensor_2,84,True
1790277688.106,distance_sensor_2,84,True
1790277694.916,distance_sensor_2,79,True
1790277696.983,distance_sensor_2,79,True
1790277699.040,distance_sensor_2,84,True
1790277709.468,distance_sensor_2,84,True
1790277770.471,distance_sensor_2,84,True
1790277831.603,distance_sensor_2,79,True
1790277933.520,distance_sensor_2,84,True
1790278032.985,distance_sensor_2,79,True
1790278053.470,distance_sensor_2,84,True
1790278056.352,distance_sensor_2,79,True
1790278056.352,distance_sensor_2,84,True
1790278068.453,distance_sensor_2,79,True
1790278074.851,distance_sensor_2,84,True
1790278078.819,distance_sensor_2,77,True
1790278361.664,distance_sensor_2,77,True
1790278374.514,distance_sensor_2,80,True
1790278390.049,distance_sensor_2,85,True
1790278401.833,distance_sensor_2,80,True
1790278402.948,distance_sensor_2,85,True
1790278422.768,distance_sensor_2,85,True
1790278423.815,distance_sensor_2,80,True
1790278429.817,distance_sensor_2,80,True
1790278440.233,distance_sensor_2,80,True
1790278443.134,distance_sensor_2,85,True
1790278459.679,distance_sensor_2,79,True
1790278465.079,distance_sensor_2,78,True
1790278482.449,distance_sensor_2,83,True
1790278565.516,distance_sensor_2,83,True
1790278590.750,distance_sensor_2,83,True
1790278660.865,distance_sensor_2,82,True
1790278667.313,distance_sensor_2,77,True
1790278671.431,distance_sensor_2,82,True
1790278675.415,distance_sensor_2,77,True
1790278689.798,distance_sensor_2,84,True
1790278705.588,distance_sensor_2,84,True
1790278711.581,distance_sensor_2,79,True
1790278727.115,distance_sensor_2,84,True
1790278728.164,distance_sensor_2,78,True
1790278732.496,distance_sensor_2,83,True
1790278748.912,distance_sensor_2,78,True
1790278753.415,distance_sensor_2,83,True
1790278753.831,distance_sensor_2,78,True
1790278780.798,distance_sensor_2,77,True
1790278891.479,distance_sensor_2,85,True
1790278999.545,distance_sensor_2,77,True
1790279012.797,distance_sensor_2,77,True
1790279013.829,distance_sensor_2,83,True
1790279023.713,distance_sensor_2,78,True
1790279024.748,distance_sensor_2,83,True
1790279025.779,distance_sensor_2,83,True
1790279034.277,distance_sensor_2,84,True
1790279058.544,distance_sensor_2,79,True
1790279074.961,distance_sensor_2,79,True
1790279156.460,distance_sensor_2,79,True
1790279238.059,distance_sensor_2,77,True
1790279239.512,distance_sensor_2,82,True
1790279268.911,distance_sensor_2,82,True
1790279288.812,distance_sensor_2,82,True
1790279319.538,distance_sensor_2,83,True
1790279339.911,distance_sensor_2,83,True
1790279523.359,distance_sensor_2,79,True
1790279543.761,distance_sensor_2,84,True
1790279549.726,distance_sensor_2,79,True
1790279574.077,distance_sensor_2,79,True
1790279604.943,distance_sensor_2,84,True
1790279782.900,distance_sensor_2,80,True
1790279829.107,distance_sensor_2,85,True
1790279832.039,distance_sensor_2,85,True
1790279832.641,distance_sensor_2,79,True
1790279862.971,distance_sensor_2,84,True
1790279875.473,distance_sensor_2,84,True
1790279876.908,distance_sensor_2,84,True
1790279879.408,distance_sensor_2,79,True
1790279890.224,distance_sensor_2,84,True
1790279910.756,distance_sensor_2,84,True
1790279935.491,distance_sensor_2,80,True
1790280022.968,distance_sensor_2,80,True
1790280103.489,distance_sensor_2,80,True
1790280156.350,distance_sensor_2,78,True
1790280194.638,distance_sensor_2,77,True
1790280196.091,distance_sensor_2,84,True
1790280236.721,distance_sensor_2,78,True
1790280256.138,distance_sensor_2,83,True
1790280256.754,distance_sensor_2,78,True
1790280258.206,distance_sensor_2,83,True
1790280267.537,distance_sensor_2,77,True
1790280318.321,distance_sensor_2,79,True
1790280359.154,distance_sensor_2,79,True
1790280379.521,distance_sensor_2,80,True
1790280420.263,distance_sensor_2,79,True
1790280460.971,distance_sensor_2,80,True
1790280481.288,distance_sensor_2,80,True
1790280501.801,distance_sensor_2,80,True
1790280644.303,distance_sensor_2,78,True
1790280948.733,distance_sensor_2,82,True
1790280957.665,distance_sensor_2,82,True
1790280970.465,distance_sensor_2,82,True
1790280989.502,distance_sensor_2,82,True
1790280999.000,distance_sensor_2,82,True
1790281008.735,distance_sensor_2,82,True
1790281019.252,distance_sensor_2,82,True
1790281025.236,distance_sensor_2,82,True
1790281031.599,distance_sensor_2,82,True
1790281045.084,distance_sensor_2,82,True
1790281079.967,distance_sensor_2,81,True
1790281210.665,distance_sensor_2,80,True
1790281255.832,distance_sensor_2,85,True
1790281281.283,distance_sensor_2,84,True
1790281291.081,distance_sensor_2,79,True
1790281298.147,distance_sensor_2,84,True
1790281350.934,distance_sensor_2,79,True
1790281359.233,distance_sensor_2,84,True
1790281359.864,distance_sensor_2,79,True
1790281363.165,distance_sensor_2,85,True
1790281369.781,distance_sensor_2,84,True
1790281395.597,distance_sensor_2,78,True
1790281396.649,distance_sensor_2,83,True
1790281409.533,distance_sensor_2,77,True
1790281410.580,distance_sensor_2,82,True
1790281546.282,distance_sensor_2,82,True
1790281586.931,distance_sensor_2,80,True
1790281590.445,distance_sensor_2,85,True
1790281601.440,distance_sensor_2,85,True
1790281603.279,distance_sensor_2,80,True
1790281622.344,distance_sensor_2,80,True
1790281634.298,distance_sensor_2,83,True
1790281654.096,distance_sensor_2,85,True
1790281654.513,distance_sensor_2,80,True
1790281655.129,distance_sensor_2,85,True
1790281655.545,distance_sensor_2,79,True
1790281663.581,distance_sensor_2,79,True
1790281666.928,distance_sensor_2,84,True
1790281683.913,distance_sensor_2,85,True
1790281728.080,distance_sensor_2,83,True
1790281755.578,distance_sensor_2,77,True
1790281756.413,distance_sensor_2,83,True
1790281847.027,distance_sensor_2,84,True
1790281867.228,distance_sensor_2,84,True
1790281928.543,distance_sensor_2,85,True
1790281989.579,distance_sensor_2,84,True
1790282009.947,distance_sensor_2,79,True
1790282071.045,distance_sensor_2,84,True
1790282072.692,distance_sensor_2,79,True
1790282087.178,distance_sensor_2,84,True
1790282132.244,distance_sensor_2,81,True
1790282274.996,distance_sensor_2,81,True
1790282295.241,distance_sensor_2,81,True
1790282315.759,distance_sensor_2,81,True
1790282397.182,distance_sensor_2,81,True
1790282417.658,distance_sensor_2,81,True
1790282437.926,distance_sensor_2,81,True
1790282499.142,distance_sensor_2,81,True
1790282518.558,distance_sensor_2,81,True
1790282538.554,distance_sensor_2,81,True
1790282556.339,distance_sensor_2,81,True
1790282601.092,distance_sensor_2,81,True
1790282723.338,distance_sensor_2,82,True
1790282743.807,distance_sensor_2,82,True
1790282764.124,distance_sensor_2,82,True
1790282784.446,distance_sensor_2,82,True
1790282804.904,distance_sensor_2,82,True
1790282845.640,distance_sensor_2,82,True
1790282906.853,distance_sensor_2,85,True
1790282927.240,distance_sensor_2,80,True
1790282947.603,distance_sensor_2,82,True
1790282967.874,distance_sensor_2,82,True
1790283090.189,distance_sensor_2,82,True
1790283140.451,distance_sensor_2,82,True
1790283238.370,distance_sensor_2,82,True
1790283251.387,distance_sensor_2,82,True
1790283288.087,distance_sensor_2,82,True
1790283369.201,distance_sensor_2,82,True
1790283409.936,distance_sensor_2,82,True
1790283436.635,distance_sensor_2,77,True
1790283447.170,distance_sensor_2,83,True
1790283579.283,distance_sensor_2,79,True
1790283580.936,distance_sensor_2,85,True
1790283599.716,distance_sensor_2,80,True
1790283606.200,distance_sensor_2,86,True
1790283640.487,distance_sensor_2,79,True
1790283660.884,distance_sensor_2,84,True
1790283783.115,distance_sensor_2,80,True
1790283823.881,distance_sensor_2,86,True
1790283925.766,distance_sensor_2,81,True
1790283946.233,distance_sensor_2,81,True
1790283966.696,distance_sensor_2,81,True
1790284343.882,distance_sensor_2,82,True
1790284414.945,distance_sensor_2,82,True
1790284493.118,distance_sensor_2,82,True
1790284598.476,distance_sensor_2,82,True
1790284607.392,distance_sensor_2,82,True
1790284692.960,distance_sensor_2,82,True
1790284700.426,distance_sensor_2,82,True
1790284797.311,distance_sensor_2,77,True
1790284797.927,distance_sensor_2,83,True
1790284808.291,distance_sensor_2,78,True
1790284839.194,distance_sensor_2,85,True
1790284840.025,distance_sensor_2,79,True
1790284863.461,distance_sensor_2,84,True
1790284904.109,distance_sensor_2,84,True
1790284944.858,distance_sensor_2,80,True
1790285087.657,distance_sensor_2,83,True
1790285110.538,distance_sensor_2,83,True
1790285117.410,distance_sensor_2,83,True
1790285156.209,distance_sensor_2,84,True
1790285159.334,distance_sensor_2,78,True
1790285169.091,distance_sensor_2,83,True
1790285261.225,distance_sensor_2,82,True
1790285281.974,distance_sensor_2,82,True
1790285311.741,distance_sensor_2,82,True
1790285332.274,distance_sensor_2,82,True
1790285352.505,distance_sensor_2,82,True
1790285422.308,distance_sensor_2,85,True
1790285429.170,distance_sensor_2,85,True
1790285429.587,distance_sensor_2,80,True
1790285474.921,distance_sensor_2,85,True
1790285547.488,distance_sensor_2,83,True
1790285576.805,distance_sensor_2,82,True
1790285597.173,distance_sensor_2,82,True
1790285611.107,distance_sensor_2,82,True
1790285612.574,distance_sensor_2,77,True
1790285615.707,distance_sensor_2,80,True
1790285617.555,distance_sensor_2,80,True
1790285633.107,distance_sensor_2,85,True
1790285637.884,distance_sensor_2,80,True
1790285639.984,distance_sensor_2,80,True
1790285668.307,distance_sensor_2,80,True
1790285759.235,distance_sensor_2,80,True
1790285761.319,distance_sensor_2,80,True
1790285773.106,distance_sensor_2,82,True
1790285963.952,distance_sensor_2,80,True
1790286004.718,distance_sensor_2,79,True
1790286045.504,distance_sensor_2,77,True
1790286147.471,distance_sensor_2,84,True
1790286167.767,distance_sensor_2,77,True
1790286249.432,distance_sensor_2,82,True
1790286319.034,distance_sensor_2,77,True
1790286330.367,distance_sensor_2,82,True
1790286357.765,distance_sensor_2,82,True
1790286453.131,distance_sensor_2,82,True
1790286489.499,distance_sensor_2,82,True
1790286503.369,distance_sensor_2,83,True
1790286504.001,distance_sensor_2,78,True
1790286541.133,distance_sensor_2,83,True
1790286580.614,distance_sensor_2,83,True
1790286613.300,distance_sensor_2,79,True
1790286613.717,distance_sensor_2,79,True
1790286616.197,distance_sensor_2,84,True
1790286622.799,distance_sensor_2,83,True
1790286624.250,distance_sensor_2,78,True
1790286643.129,distance_sensor_2,79,True
1790286647.080,distance_sensor_2,84,True
1790286658.082,distance_sensor_2,83,True
1790286662.479,distance_sensor_2,83,True
1790286717.312,distance_sensor_2,83,True
1790286717.738,distance_sensor_2,78,True
1790286718.165,distance_sensor_2,84,True
1790286725.247,distance_sensor_2,84,True
1790286743.493,distance_sensor_2,78,True
1790286749.081,distance_sensor_2,78,True
1790286758.864,distance_sensor_2,84,True
1790286780.264,distance_sensor_2,79,True
1790286820.665,distance_sensor_2,80,True
1790286846.413,distance_sensor_2,86,True
1790286895.761,distance_sensor_2,85,True
1790286901.528,distance_sensor_2,85,True
1790286902.149,distance_sensor_2,80,True
1790286908.563,distance_sensor_2,80,True
1790286922.080,distance_sensor_2,86,True
1790286953.378,distance_sensor_2,84,True
1790287003.565,distance_sensor_2,80,True
1790287085.076,distance_sensor_2,83,True
1790287099.567,distance_sensor_2,78,True
1790287124.813,distance_sensor_2,83,True
1790287157.063,distance_sensor_2,83,True
1790287159.119,distance_sensor_2,83,True
1790287205.362,distance_sensor_2,82,True
1790287217.863,distance_sensor_2,84,True
1790287218.910,distance_sensor_2,79,True
1790287227.644,distance_sensor_2,84,True
1790287239.611,distance_sensor_2,78,True
1790287240.241,distance_sensor_2,83,True
1790287346.511,distance_sensor_2,82,True
1790287366.424,distance_sensor_2,82,True
1790287396.858,distance_sensor_2,84,True
1790287411.195,distance_sensor_2,78,True
1790287431.509,distance_sensor_2,79,True
1790287504.228,distance_sensor_2,85,True
1790287504.645,distance_sensor_2,79,True
1790287518.060,distance_sensor_2,84,True
1790287533.544,distance_sensor_2,84,True
1790287574.126,distance_sensor_2,83,True
1790287584.696,distance_sensor_2,83,True
1790287594.643,distance_sensor_2,83,True
1790287628.972,distance_sensor_2,77,True
1790287631.915,distance_sensor_2,83,True
1790287655.809,distance_sensor_2,84,True
1790287705.942,distance_sensor_2,85,True
1790287756.708,distance_sensor_2,80,True
1790287796.908,distance_sensor_2,79,True
1790287859.624,distance_sensor_2,84,True
1790287941.142,distance_sensor_2,86,True
1790287961.492,distance_sensor_2,80,True
1790288083.854,distance_sensor_2,78,True
1790288114.655,distance_sensor_2,83,True
1790288144.940,distance_sensor_2,83,True
1790288212.969,distance_sensor_2,82,True
1790288225.010,distance_sensor_2,82,True
1790288276.155,distance_sensor_2,82,True
1790288323.819,distance_sensor_2,82,True
1790288389.955,distance_sensor_2,82,True
1790288399.506,distance_sensor_2,83,True
1790288404.918,distance_sensor_2,83,True
1790288409.903,distance_sensor_2,78,True
1790288413.887,distance_sensor_2,83,True
1790288457.062,distance_sensor_2,82,True
1790288552.605,distance_sensor_2,84,True
1790288593.320,distance_sensor_2,83,True
1790288593.320,distance_sensor_2,83,True
1790288613.602,distance_sensor_2,84,True
1790288674.717,distance_sensor_2,78,True
1790288683.850,distance_sensor_2,79,True
1790288695.816,distance_sensor_2,79,True
1790288704.134,distance_sensor_2,79,True
1790288739.405,distance_sensor_2,79,True
1790288740.869,distance_sensor_2,87,True
1790288797.037,distance_sensor_2,84,True
1790288833.969,distance_sensor_2,80,True
1790288837.915,distance_sensor_2,80,True
1790288849.927,distance_sensor_2,80,True
1790288881.067,distance_sensor_2,80,True
1790288978.650,distance_sensor_2,78,True
1790289005.850,distance_sensor_2,83,True
1790289037.168,distance_sensor_2,83,True
1790289102.813,distance_sensor_2,86,True
1790289111.299,distance_sensor_2,79,True
1790289135.651,distance_sensor_2,84,True
1790289152.537,distance_sensor_2,78,True
1790289154.001,distance_sensor_2,78,True
1790289163.966,distance_sensor_2,78,True
1790289164.597,distance_sensor_2,83,True
1790289168.567,distance_sensor_2,83,True
1790289173.582,distance_sensor_2,80,True
1790289184.348,distance_sensor_2,83,True
1790289204.732,distance_sensor_2,83,True
1790289212.163,distance_sensor_2,83,True
1790289311.184,distance_sensor_2,84,True
1790289322.567,distance_sensor_2,84,True
1790289330.616,distance_sensor_2,78,True
1790289331.034,distance_sensor_2,85,True
1790289345.999,distance_sensor_2,80,True
1790289381.361,distance_sensor_2,80,True
1790289388.199,distance_sensor_2,85,True
1790289408.562,distance_sensor_2,84,True
1790289412.531,distance_sensor_2,79,True
1790289413.163,distance_sensor_2,79,True
1790289445.414,distance_sensor_2,79,True
1790289446.881,distance_sensor_2,85,True
1790289500.065,distance_sensor_2,83,True
1790289506.983,distance_sensor_2,83,True
1790289523.413,distance_sensor_2,76,True
1790289525.449,distance_sensor_2,82,True
1790289537.899,distance_sensor_2,80,True
1790289551.198,distance_sensor_2,80,True
1790289571.660,distance_sensor_2,80,True
1790289592.995,distance_sensor_2,81,True
1790289612.482,distance_sensor_2,79,True
1790289612.898,distance_sensor_2,84,True
1790289632.864,distance_sensor_2,80,True
1790289671.995,distance_sensor_2,84,True
1790289775.447,distance_sensor_2,83,True
1790289795.331,distance_sensor_2,85,True
1790289795.746,distance_sensor_2,79,True
1790289877.799,distance_sensor_2,85,True
1790289883.810,distance_sensor_2,79,True
1790289897.663,distance_sensor_2,84,True
1790289918.096,distance_sensor_2,84,True
1790289954.529,distance_sensor_2,78,True
1790289954.949,distance_sensor_2,84,True
1790289960.978,distance_sensor_2,80,True
1790289976.742,distance_sensor_2,80,True
1790289979.209,distance_sensor_2,75,True
1790289980.245,distance_sensor_2,84,True
1790289986.312,distance_sensor_2,79,True
1790289999.745,distance_sensor_2,80,True
1790290122.026,distance_sensor_2,85,True
1790290142.358,distance_sensor_2,85,True
1790290145.857,distance_sensor_2,80,True
1790290153.757,distance_sensor_2,85,True
1790290223.894,distance_sensor_2,85,True
1790290452.074,distance_sensor_2,80,True
1790290570.393,distance_sensor_2,79,True
1790290590.641,distance_sensor_2,79,True
1790290651.924,distance_sensor_2,79,True
1790290713.025,distance_sensor_2,80,True
1790290814.841,distance_sensor_2,80,True
1790290835.221,distance_sensor_2,80,True
1790290876.173,distance_sensor_2,76,True
1790291079.836,distance_sensor_2,76,True
1790291493.887,distance_sensor_2,81,True
1790291503.420,distance_sensor_2,81,True
1790291546.752,distance_sensor_2,81,True
1790291556.102,distance_sensor_2,81,True
1790291633.751,distance_sensor_2,81,True
1790291645.184,distance_sensor_2,81,True
1790291650.574,distance_sensor_2,81,True
1790291810.254,distance_sensor_2,83,True
1790291824.481,distance_sensor_2,82,True
1790291862.268,distance_sensor_2,82,True
1790291976.697,distance_sensor_2,77,True
1790292048.249,distance_sensor_2,81,True
1790292120.350,distance_sensor_2,81,True
1790292139.645,distance_sensor_2,82,True
1790292160.030,distance_sensor_2,82,True
1790292180.532,distance_sensor_2,77,True
1790292282.296,distance_sensor_2,81,True
1790292313.231,distance_sensor_2,76,True
1790292392.865,distance_sensor_2,81,True
1790292404.595,distance_sensor_2,81,True
1790292423.064,distance_sensor_2,81,True
1790292465.896,distance_sensor_2,81,True
1790292510.564,distance_sensor_2,81,True
1790292523.562,distance_sensor_2,81,True
1790292602.479,distance_sensor_2,82,True
1790292628.866,distance_sensor_2,77,True
1790292730.776,distance_sensor_2,84,True
1790292751.143,distance_sensor_2,78,True
1790292792.026,distance_sensor_2,83,True
1790292893.827,distance_sensor_2,78,True
1790292914.112,distance_sensor_2,79,True
1790292954.909,distance_sensor_2,79,True
1790292975.459,distance_sensor_2,79,True
1790293016.094,distance_sensor_2,79,True
1790293034.560,distance_sensor_2,81,True
1790293036.425,distance_sensor_2,81,True
1790293056.911,distance_sensor_2,81,True
1790293108.142,distance_sensor_2,81,True
1790293342.159,distance_sensor_2,82,True
1790293444.040,distance_sensor_2,78,True
1790293500.290,distance_sensor_2,83,True
1790293586.738,distance_sensor_2,80,True
1790293607.688,distance_sensor_2,80,True
1790293880.187,distance_sensor_2,80,True
1790293974.036,distance_sensor_2,74,True
1790293994.321,distance_sensor_2,77,True
1790294036.784,distance_sensor_2,82,True
1790294055.638,distance_sensor_2,81,True
1790294198.220,distance_sensor_2,86,True
1790294229.131,distance_sensor_2,80,True
1790294259.353,distance_sensor_2,86,True
1790294276.768,distance_sensor_2,81,True
1790294309.552,distance_sensor_2,81,True
1790294335.882,distance_sensor_2,81,True
1790294341.032,distance_sensor_2,79,True
1790294349.961,distance_sensor_2,84,True
1790294359.341,distance_sensor_2,83,True
1790294374.819,distance_sensor_2,79,True
1790294385.152,distance_sensor_2,79,True
1790294386.617,distance_sensor_2,79,True
1790294416.468,distance_sensor_2,84,True
1790294429.917,distance_sensor_2,85,True
1790294430.564,distance_sensor_2,80,True
1790294436.017,distance_sensor_2,80,True
1790294447.432,distance_sensor_2,80,True
1790294463.217,distance_sensor_2,80,True
1790294494.646,distance_sensor_2,80,True
1790294503.950,distance_sensor_2,80,True
1790294511.018,distance_sensor_2,86,True
1790294533.320,distance_sensor_2,83,True
1790294576.551,distance_sensor_2,83,True
1790294589.530,distance_sensor_2,79,True
1790294605.950,distance_sensor_2,84,True
1790294623.306,distance_sensor_2,79,True
1790294675.028,distance_sensor_2,84,True
1790294693.479,distance_sensor_2,79,True
1790294809.665,distance_sensor_2,78,True
1790294870.880,distance_sensor_2,79,True
1790294886.714,distance_sensor_2,85,True
1790294887.731,distance_sensor_2,80,True
1790294932.077,distance_sensor_2,85,True
1790295033.828,distance_sensor_2,84,True
1790295074.697,distance_sensor_2,77,True
1790295118.395,distance_sensor_2,82,True
1790295258.159,distance_sensor_2,82,True
1790295302.778,distance_sensor_2,81,True
1790295436.693,distance_sensor_2,81,True
1790295457.445,distance_sensor_2,87,True
1790295458.063,distance_sensor_2,82,True
1790295575.707,distance_sensor_2,84,True
1790295584.211,distance_sensor_2,79,True
1790295653.422,distance_sensor_2,84,True
1790295658.844,distance_sensor_2,79,True
1790295662.793,distance_sensor_2,78,True
1790295665.710,distance_sensor_2,83,True
1790295698.107,distance_sensor_2,77,True
1790295737.343,distance_sensor_2,79,True
1790295738.394,distance_sensor_2,84,True
1790295739.425,distance_sensor_2,78,True
1790295788.155,distance_sensor_2,83,True
1790295797.091,distance_sensor_2,83,True
1790295869.469,distance_sensor_2,82,True
1790295971.508,distance_sensor_2,82,True
1790295995.905,distance_sensor_2,83,True
1790295996.320,distance_sensor_2,78,True
1790296114.121,distance_sensor_2,83,True
1790296134.521,distance_sensor_2,77,True
1790296154.908,distance_sensor_2,82,True
1790296216.089,distance_sensor_2,81,True
1790296419.753,distance_sensor_2,81,True
1790296778.284,distance_sensor_2,81,True
1790296787.682,distance_sensor_2,81,True
1790296832.031,distance_sensor_2,81,True
1790296892.112,distance_sensor_2,81,True
1790296908.912,distance_sensor_2,81,True
1790296949.698,distance_sensor_2,81,True
1790296973.111,distance_sensor_2,81,True
1790296984.496,distance_sensor_2,81,True
1790296995.498,distance_sensor_2,81,True
1790297008.397,distance_sensor_2,81,True
1790297031.314,distance_sensor_2,79,True
1790297057.663,distance_sensor_2,84,True
1790297077.995,distance_sensor_2,83,True
1790297092.511,distance_sensor_2,76,True
1790297104.348,distance_sensor_2,78,True
1790297112.863,distance_sensor_2,78,True
1790297117.263,distance_sensor_2,85,True
1790297118.289,distance_sensor_2,80,True
1790297124.312,distance_sensor_2,80,True
1790297133.247,distance_sensor_2,80,True
1790297152.046,distance_sensor_2,83,True
1790297152.248,distance_sensor_2,78,True
1790297163.629,distance_sensor_2,83,True
1790297174.010,distance_sensor_2,83,True
1790297177.529,distance_sensor_2,78,True
1790297181.881,distance_sensor_2,78,True
1790297204.861,distance_sensor_2,78,True
1790297206.344,distance_sensor_2,83,True
1790297214.844,distance_sensor_2,83,True
1790297226.659,distance_sensor_2,79,True
1790297239.695,distance_sensor_2,84,True
1790297244.660,distance_sensor_2,84,True
1790297275.928,distance_sensor_2,83,True
1790297279.879,distance_sensor_2,78,True
1790297296.309,distance_sensor_2,78,True
1790297337.109,distance_sensor_2,84,True
1790297353.529,distance_sensor_2,84,True
1790297357.445,distance_sensor_2,78,True
1790297364.858,distance_sensor_2,78,True
1790297445.910,distance_sensor_2,84,True
1790297561.208,distance_sensor_2,80,True
1790297683.458,distance_sensor_2,78,True
1790297724.275,distance_sensor_2,84,True
1790297740.273,distance_sensor_2,79,True
1790297785.424,distance_sensor_2,79,True
1790297846.640,distance_sensor_2,78,True
1790298077.330,distance_sensor_2,81,True
1790298086.738,distance_sensor_2,78,True
1790298111.473,distance_sensor_2,81,True
1790298152.319,distance_sensor_2,81,True
1790298193.087,distance_sensor_2,81,True
1790298251.771,distance_sensor_2,85,True
1790298376.536,distance_sensor_2,85,True
1790298376.536,distance_sensor_2,80,True
1790298437.600,distance_sensor_2,79,True
1790298458.085,distance_sensor_2,84,True
1790298519.183,distance_sensor_2,78,True
1790298600.615,distance_sensor_2,83,True
1790298621.098,distance_sensor_2,83,True
1790299049.168,distance_sensor_2,82,True
1790299149.514,distance_sensor_2,82,True
1790299431.413,distance_sensor_2,82,True
1790299538.144,distance_sensor_2,82,True
1790299750.535,distance_sensor_2,82,True
1790299876.902,distance_sensor_2,82,True
1790299884.621,distance_sensor_2,82,True
1790300231.221,distance_sensor_2,78,True
1790300237.688,distance_sensor_2,79,True
1790300251.571,distance_sensor_2,84,True
1790300263.023,distance_sensor_2,80,True
1790300271.972,distance_sensor_2,86,True
1790300344.509,distance_sensor_2,82,True
1790300358.906,distance_sensor_2,82,True
1790300391.234,distance_sensor_2,82,True
1790300404.222,distance_sensor_2,82,True
1790300429.019,distance_sensor_2,82,True
1790300461.388,distance_sensor_2,82,True
1790300475.721,distance_sensor_2,82,True
1790300484.734,distance_sensor_2,87,True
1790300492.638,distance_sensor_2,81,True
1790300526.605,distance_sensor_2,80,True
1790300528.055,distance_sensor_2,86,True
1790300557.267,distance_sensor_2,84,True
1790300577.769,distance_sensor_2,85,True
1790300679.637,distance_sensor_2,80,True
1790300822.269,distance_sensor_2,80,True
1790300884.369,distance_sensor_2,80,True
1790301078.818,distance_sensor_2,82,True
1790301149.914,distance_sensor_2,82,True
1790301350.207,distance_sensor_2,82,True
1790301372.114,distance_sensor_2,82,True
1790301390.078,distance_sensor_2,77,True
1790301430.700,distance_sensor_2,80,True
1790301433.781,distance_sensor_2,80,True
1790301454.115,distance_sensor_2,85,True
1790301454.546,distance_sensor_2,79,True
1790301470.515,distance_sensor_2,84,True
1790301510.749,distance_sensor_2,82,True
1790301657.946,distance_sensor_2,87,True
1790301678.911,distance_sensor_2,86,True
1790301692.347,distance_sensor_2,84,True
1790301795.729,distance_sensor_2,79,True
1790301799.680,distance_sensor_2,84,True
1790301841.326,distance_sensor_2,84,True
1790301883.178,distance_sensor_2,79,True
1790301922.881,distance_sensor_2,85,True
1790301984.027,distance_sensor_2,84,True
1790302004.361,distance_sensor_2,79,True
1790302126.761,distance_sensor_2,86,True
1790302167.527,distance_sensor_2,85,True
1790302187.961,distance_sensor_2,85,True
1790302289.772,distance_sensor_2,81,True
1790302350.823,distance_sensor_2,87,True
1790302371.259,distance_sensor_2,82,True
1790302405.225,distance_sensor_2,82,True
1790302652.221,distance_sensor_2,82,True
1790302664.192,distance_sensor_2,81,True
1790302678.520,distance_sensor_2,81,True
1790302700.855,distance_sensor_2,81,True
1790302701.490,distance_sensor_2,81,True
1790302735.741,distance_sensor_2,87,True
1790302736.772,distance_sensor_2,80,True
1790302758.556,distance_sensor_2,87,True
1790302778.007,distance_sensor_2,81,True
1790302819.672,distance_sensor_2,81,True
1790302848.056,distance_sensor_2,81,True
1790302858.554,distance_sensor_2,81,True
1790302878.438,distance_sensor_2,81,True
1790302878.854,distance_sensor_2,81,True
1790302973.889,distance_sensor_2,85,True
1790302997.755,distance_sensor_2,80,True
1790303001.718,distance_sensor_2,80,True
1790303003.196,distance_sensor_2,86,True
1790303004.654,distance_sensor_2,86,True
1790303005.705,distance_sensor_2,80,True
1790303022.971,distance_sensor_2,81,True
1790303084.567,distance_sensor_2,86,True
1790303125.366,distance_sensor_2,82,True
1790303145.901,distance_sensor_2,82,True
1790303166.216,distance_sensor_2,82,True
1790303186.637,distance_sensor_2,82,True
1790303206.967,distance_sensor_2,85,True
1790303247.836,distance_sensor_2,79,True
1790303268.107,distance_sensor_2,83,True
1790303370.919,distance_sensor_2,85,True
1790303410.753,distance_sensor_2,88,True
1790303634.953,distance_sensor_2,83,True
1790303667.733,distance_sensor_2,83,True
1790303811.513,distance_sensor_2,83,True
1790303915.299,distance_sensor_2,81,True
1790303981.449,distance_sensor_2,82,True
1790304022.163,distance_sensor_2,82,True
1790304144.596,distance_sensor_2,82,True
1790304242.979,distance_sensor_2,84,True
1790304267.395,distance_sensor_2,80,True
1790304287.230,distance_sensor_2,80,True
1790304307.513,distance_sensor_2,86,True
1790304326.961,distance_sensor_2,82,True
1790304398.478,distance_sensor_2,82,True
1790304450.328,distance_sensor_2,82,True
1790304653.943,distance_sensor_2,86,True
1790304715.192,distance_sensor_2,86,True
1790304735.535,distance_sensor_2,86,True
1790305330.656,distance_sensor_2,83,True
1790305469.255,distance_sensor_2,82,True
1790305600.022,distance_sensor_2,82,True
1790305612.023,distance_sensor_2,80,True
1790305630.873,distance_sensor_2,85,True
1790305632.337,distance_sensor_2,80,True
1790305645.254,distance_sensor_2,78,True
1790305712.520,distance_sensor_2,84,True
1790305718.355,distance_sensor_2,84,True
1790305864.468,distance_sensor_2,81,True
1790305865.083,distance_sensor_2,86,True
1790305895.453,distance_sensor_2,86,True
1790305897.338,distance_sensor_2,86,True
1790305917.620,distance_sensor_2,81,True
1790305931.121,distance_sensor_2,81,True
1790305932.601,distance_sensor_2,81,True
1790305939.219,distance_sensor_2,81,True
1790305975.469,distance_sensor_2,86,True
1790305980.294,distance_sensor_2,81,True
1790305999.236,distance_sensor_2,80,True
1790306037.584,distance_sensor_2,81,True
1790306264.133,distance_sensor_2,86,True
1790306325.266,distance_sensor_2,81,True
1790306413.818,distance_sensor_2,82,True
1790306439.147,distance_sensor_2,88,True
1790306573.532,distance_sensor_2,83,True
1790306602.166,distance_sensor_2,83,True
1790306676.283,distance_sensor_2,83,True
1790306692.196,distance_sensor_2,83,True
1790306712.597,distance_sensor_2,83,True
1790306732.881,distance_sensor_2,83,True
1790306896.082,distance_sensor_2,86,True
1790306897.145,distance_sensor_2,81,True
1790306949.748,distance_sensor_2,87,True
1790306965.696,distance_sensor_2,86,True
1790307144.161,distance_sensor_2,78,True
1790307144.562,distance_sensor_2,86,True
1790307158.030,distance_sensor_2,85,True
1790307160.930,distance_sensor_2,85,True
1790307199.380,distance_sensor_2,80,True
1790307200.213,distance_sensor_2,85,True
1790307269.813,distance_sensor_2,85,True
1790307346.012,distance_sensor_2,83,True
1790307365.728,distance_sensor_2,83,True
1790307385.261,distance_sensor_2,86,True
1790307405.695,distance_sensor_2,80,True
1790307407.174,distance_sensor_2,86,True
1790307408.191,distance_sensor_2,86,True
1790307425.992,distance_sensor_2,85,True
1790307434.877,distance_sensor_2,85,True
1790307446.344,distance_sensor_2,80,True
1790307447.363,distance_sensor_2,86,True
1790307458.376,distance_sensor_2,86,True
1790307466.293,distance_sensor_2,80,True
1790307466.727,distance_sensor_2,85,True
1790307469.227,distance_sensor_2,79,True
1790307470.644,distance_sensor_2,85,True
1790307487.143,distance_sensor_2,86,True
1790307507.541,distance_sensor_2,81,True
1790307589.043,distance_sensor_2,80,True
1790307726.208,distance_sensor_2,85,True
1790307772.460,distance_sensor_2,80,True
1790307792.825,distance_sensor_2,80,True
1790307848.607,distance_sensor_2,86,True
1790307959.022,distance_sensor_2,83,True
1790308057.756,distance_sensor_2,84,True
1790308159.707,distance_sensor_2,85,True
1790308180.009,distance_sensor_2,80,True
1790308229.785,distance_sensor_2,86,True
1790308261.670,distance_sensor_2,85,True
1790308302.336,distance_sensor_2,78,True
1790308303.388,distance_sensor_2,84,True
1790308326.771,distance_sensor_2,84,True
1790308547.004,distance_sensor_2,81,True
1790308567.337,distance_sensor_2,81,True
1790308622.470,distance_sensor_2,81,True
1790308628.519,distance_sensor_2,81,True
1790308681.670,distance_sensor_2,87,True
1790308689.540,distance_sensor_2,85,True
1790308694.705,distance_sensor_2,80,True
1790308710.035,distance_sensor_2,80,True
1790308730.420,distance_sensor_2,79,True
1790308787.617,distance_sensor_2,84,True
1790308870.550,distance_sensor_2,83,True
1790308918.434,distance_sensor_2,83,True
1790308934.152,distance_sensor_2,83,True
1790309076.902,distance_sensor_2,81,True
1790309097.218,distance_sensor_2,80,True
1790309154.383,distance_sensor_2,79,True
1790309154.383,distance_sensor_2,84,True
1790309158.517,distance_sensor_2,84,True
1790309178.729,distance_sensor_2,84,True
1790309199.198,distance_sensor_2,84,True
1790309280.600,distance_sensor_2,86,True
1790309301.001,distance_sensor_2,80,True
1790309362.229,distance_sensor_2,83,True
1790309382.532,distance_sensor_2,83,True
1790309403.029,distance_sensor_2,83,True
1790309545.712,distance_sensor_2,83,True
1790309584.878,distance_sensor_2,83,True
1790309912.428,distance_sensor_2,87,True
1790309961.828,distance_sensor_2,86,True
1790310075.509,distance_sensor_2,82,True
1790310095.862,distance_sensor_2,82,True
1790310116.275,distance_sensor_2,82,True
1790310135.227,distance_sensor_2,82,True
1790310238.707,distance_sensor_2,82,True
1790310279.443,distance_sensor_2,82,True
1790310313.173,distance_sensor_2,81,True
1790310421.992,distance_sensor_2,81,True
1790310477.721,distance_sensor_2,87,True
1790310493.276,distance_sensor_2,82,True
1790310583.174,distance_sensor_2,80,True
1790310605.538,distance_sensor_2,80,True
1790310612.389,distance_sensor_2,85,True
1790311220.381,distance_sensor_2,82,True
1790311264.167,distance_sensor_2,82,True
1790311298.502,distance_sensor_2,82,True
1790311318.820,distance_sensor_2,82,True
1790311326.938,distance_sensor_2,82,True
1790311356.752,distance_sensor_2,87,True
1790311379.966,distance_sensor_2,82,True
1790311437.668,distance_sensor_2,81,True
1790311563.400,distance_sensor_2,85,True
1790311589.318,distance_sensor_2,80,True
1790311652.950,distance_sensor_2,84,True
1790311685.835,distance_sensor_2,80,True
1790311786.641,distance_sensor_2,80,True
1790311840.300,distance_sensor_2,83,True
1790311873.113,distance_sensor_2,83,True
1790311946.716,distance_sensor_2,83,True
1790311991.531,distance_sensor_2,84,True
1790312011.813,distance_sensor_2,84,True
1790312032.298,distance_sensor_2,84,True
1790312069.564,distance_sensor_2,84,True
1790312113.749,distance_sensor_2,80,True
1790312115.848,distance_sensor_2,80,True
1790312134.132,distance_sensor_2,80,True
1790312144.680,distance_sensor_2,80,True
1790312154.613,distance_sensor_2,85,True
1790312155.633,distance_sensor_2,80,True
1790312165.531,distance_sensor_2,80,True
1790312175.029,distance_sensor_2,85,True
1790312178.967,distance_sensor_2,80,True
1790312185.779,distance_sensor_2,81,True
1790312190.346,distance_sensor_2,80,True
1790312195.348,distance_sensor_2,85,True
1790312199.731,distance_sensor_2,84,True
1790312263.813,distance_sensor_2,79,True
1790312276.913,distance_sensor_2,79,True
1790312278.763,distance_sensor_2,81,True
1790312297.161,distance_sensor_2,81,True
1790312310.611,distance_sensor_2,81,True
1790312368.360,distance_sensor_2,86,True
1790312439.762,distance_sensor_2,80,True
1790312480.628,distance_sensor_2,79,True
1790312501.561,distance_sensor_2,84,True
1790312521.344,distance_sensor_2,84,True
1790312541.714,distance_sensor_2,79,True
1790312549.261,distance_sensor_2,78,True
1790312550.288,distance_sensor_2,83,True
1790312661.609,distance_sensor_2,84,True
1790312662.029,distance_sensor_2,84,True
1790312674.512,distance_sensor_2,83,True
1790312725.311,distance_sensor_2,83,True
1790312821.626,distance_sensor_2,83,True
1790312914.125,distance_sensor_2,77,True
1790312955.459,distance_sensor_2,82,True
1790312961.778,distance_sensor_2,77,True
1790312962.806,distance_sensor_2,83,True
1790312963.444,distance_sensor_2,83,True
1790312966.807,distance_sensor_2,77,True
1790312969.707,distance_sensor_2,84,True
1790313106.090,distance_sensor_2,83,True
1790313132.808,distance_sensor_2,81,True
1790313234.788,distance_sensor_2,84,True
1790313275.506,distance_sensor_2,79,True
1790313287.992,distance_sensor_2,80,True
1790313303.926,distance_sensor_2,80,True
1790313307.489,distance_sensor_2,85,True
1790313316.225,distance_sensor_2,78,True
1790313316.225,distance_sensor_2,83,True
1790313357.091,distance_sensor_2,82,True
1790313380.356,distance_sensor_2,82,True
1790313382.425,distance_sensor_2,77,True
1790313394.439,distance_sensor_2,84,True
1790313402.321,distance_sensor_2,85,True
1790313489.856,distance_sensor_2,82,True
1790313566.405,distance_sensor_2,81,True
1790313569.306,distance_sensor_2,81,True
1790313575.305,distance_sensor_2,81,True
1790313622.039,distance_sensor_2,80,True
1790313625.136,distance_sensor_2,85,True
1790313630.473,distance_sensor_2,80,True
1790313640.953,distance_sensor_2,85,True
1790313642.405,distance_sensor_2,85,True
1790313643.006,distance_sensor_2,80,True
1790313643.843,distance_sensor_2,86,True
1790313644.484,distance_sensor_2,81,True
1790313662.873,distance_sensor_2,81,True
1790313673.223,distance_sensor_2,87,True
1790313673.855,distance_sensor_2,80,True
1790313681.306,distance_sensor_2,85,True
1790313683.155,distance_sensor_2,85,True
1790313684.205,distance_sensor_2,80,True
1790313696.639,distance_sensor_2,85,True
1790313700.621,distance_sensor_2,79,True
1790313701.671,distance_sensor_2,85,True
1790313703.138,distance_sensor_2,80,True
1790313703.555,distance_sensor_2,80,True
1790313710.603,distance_sensor_2,85,True
1790313713.085,distance_sensor_2,80,True
1790313721.579,distance_sensor_2,85,True
1790313723.451,distance_sensor_2,80,True
1790313723.870,distance_sensor_2,80,True
1790313736.887,distance_sensor_2,85,True
1790313737.302,distance_sensor_2,79,True
1790313738.952,distance_sensor_2,84,True
1790313744.338,distance_sensor_2,84,True
1790313745.390,distance_sensor_2,78,True
1790313745.804,distance_sensor_2,84,True
1790313749.321,distance_sensor_2,79,True
1790313752.218,distance_sensor_2,84,True
1790313762.170,distance_sensor_2,79,True
1790313764.654,distance_sensor_2,79,True
1790313767.121,distance_sensor_2,84,True
1790313773.136,distance_sensor_2,79,True
1790313779.121,distance_sensor_2,86,True
1790313781.621,distance_sensor_2,81,True
1790313785.136,distance_sensor_2,81,True
1790313805.535,distance_sensor_2,81,True
1790313825.838,distance_sensor_2,81,True
1790313846.205,distance_sensor_2,81,True
1790313866.589,distance_sensor_2,81,True
1790313886.954,distance_sensor_2,81,True
1790313895.538,distance_sensor_2,86,True
1790313896.372,distance_sensor_2,80,True
1790313907.374,distance_sensor_2,80,True
1790313919.822,distance_sensor_2,85,True
1790313927.871,distance_sensor_2,85,True
1790313929.322,distance_sensor_2,79,True
1790313930.786,distance_sensor_2,84,True
1790313948.120,distance_sensor_2,84,True
1790313952.200,distance_sensor_2,79,True
1790313953.238,distance_sensor_2,84,True
1790313968.536,distance_sensor_2,84,True
1790313968.952,distance_sensor_2,79,True
1790313978.469,distance_sensor_2,84,True
1790313988.986,distance_sensor_2,84,True
1790313990.852,distance_sensor_2,79,True
1790313991.869,distance_sensor_2,84,True
1790313995.322,distance_sensor_2,79,True
1790313996.354,distance_sensor_2,84,True
1790314009.186,distance_sensor_2,84,True
1790314013.736,distance_sensor_2,79,True
1790314014.754,distance_sensor_2,85,True
1790314017.221,distance_sensor_2,80,True
1790314028.635,distance_sensor_2,85,True
1790314029.272,distance_sensor_2,80,True
1790314029.686,distance_sensor_2,80,True
1790314035.639,distance_sensor_2,86,True
1790314037.696,distance_sensor_2,80,True
1790314040.561,distance_sensor_2,85,True
1790314041.167,distance_sensor_2,80,True
1790314050.069,distance_sensor_2,80,True
1790314063.103,distance_sensor_2,85,True
1790314068.467,distance_sensor_2,79,True
1790314070.336,distance_sensor_2,79,True
1790314074.050,distance_sensor_2,84,True
1790314076.549,distance_sensor_2,79,True
1790314076.970,distance_sensor_2,84,True
1790314078.860,distance_sensor_2,79,True
1790314079.900,distance_sensor_2,86,True
1790314080.320,distance_sensor_2,81,True
1790314090.870,distance_sensor_2,81,True
1790314107.240,distance_sensor_2,86,True
1790314107.854,distance_sensor_2,78,True
1790314108.671,distance_sensor_2,85,True
1790314109.703,distance_sensor_2,80,True
1790314111.169,distance_sensor_2,80,True
1790314127.686,distance_sensor_2,85,True
1790314131.485,distance_sensor_2,85,True
1790314131.699,distance_sensor_2,78,True
1790314133.585,distance_sensor_2,85,True
1790314135.670,distance_sensor_2,79,True
1790314142.486,distance_sensor_2,84,True
1790314144.519,distance_sensor_2,79,True
1790314145.984,distance_sensor_2,84,True
1790314151.935,distance_sensor_2,84,True
1790314157.388,distance_sensor_2,79,True
1790314161.970,distance_sensor_2,84,True
1790314169.003,distance_sensor_2,79,True
1790314172.319,distance_sensor_2,79,True
1790314180.770,distance_sensor_2,85,True
1790314181.802,distance_sensor_2,80,True
1790314191.270,distance_sensor_2,85,True
1790314192.720,distance_sensor_2,85,True
1790314192.720,distance_sensor_2,79,True
1790314194.786,distance_sensor_2,84,True
1790314198.299,distance_sensor_2,78,True
1790314199.136,distance_sensor_2,84,True
1790314213.070,distance_sensor_2,84,True
1790314219.233,distance_sensor_2,79,True
1790314229.018,distance_sensor_2,84,True
1790314233.569,distance_sensor_2,84,True
1790314233.569,distance_sensor_2,79,True
1790314236.052,distance_sensor_2,84,True
1790314243.505,distance_sensor_2,79,True
1790314243.920,distance_sensor_2,84,True
1790314253.844,distance_sensor_2,84,True
1790314254.886,distance_sensor_2,79,True
1790314255.921,distance_sensor_2,85,True
1790314258.833,distance_sensor_2,78,True
1790314259.869,distance_sensor_2,84,True
1790314274.319,distance_sensor_2,84,True
1790314284.369,distance_sensor_2,79,True
1790314289.136,distance_sensor_2,84,True
1790314289.769,distance_sensor_2,79,True
1790314294.720,distance_sensor_2,79,True
1790314302.607,distance_sensor_2,84,True
1790314308.562,distance_sensor_2,79,True
1790314309.616,distance_sensor_2,84,True
1790314310.632,distance_sensor_2,79,True
1790314312.685,distance_sensor_2,84,True
1790314314.951,distance_sensor_2,84,True
1790314322.018,distance_sensor_2,77,True
1790314322.448,distance_sensor_2,83,True
1790314327.552,distance_sensor_2,78,True
1790314328.586,distance_sensor_2,83,True
1790314335.348,distance_sensor_2,83,True
1790314355.733,distance_sensor_2,83,True
1790314361.750,distance_sensor_2,77,True
1790314363.817,distance_sensor_2,83,True
1790314376.250,distance_sensor_2,83,True
1790314396.481,distance_sensor_2,83,True
1790314416.869,distance_sensor_2,83,True
1790314427.369,distance_sensor_2,78,True
1790314429.451,distance_sensor_2,83,True
1790314437.267,distance_sensor_2,83,True
1790314457.716,distance_sensor_2,83,True
1790314478.136,distance_sensor_2,83,True
1790314484.516,distance_sensor_2,78,True
1790314486.179,distance_sensor_2,83,True
1790314498.549,distance_sensor_2,83,True
1790314507.033,distance_sensor_2,78,True
1790314507.450,distance_sensor_2,84,True
1790314509.934,distance_sensor_2,79,True
1790314510.968,distance_sensor_2,84,True
1790314518.449,distance_sensor_2,79,True
1790314518.867,distance_sensor_2,79,True
1790314518.868,distance_sensor_2,84,True
1790314535.778,distance_sensor_2,79,True
1790314537.834,distance_sensor_2,84,True
1790314539.282,distance_sensor_2,84,True
1790314557.746,distance_sensor_2,78,True
1790314558.153,distance_sensor_2,84,True
1790314559.598,distance_sensor_2,84,True
1790314559.598,distance_sensor_2,79,True
1790314567.049,distance_sensor_2,84,True
1790314570.566,distance_sensor_2,79,True
1790314573.067,distance_sensor_2,85,True
1790314574.534,distance_sensor_2,80,True
1790314577.034,distance_sensor_2,85,True
1790314579.915,distance_sensor_2,85,True
1790314587.984,distance_sensor_2,80,True
1790314590.466,distance_sensor_2,85,True
1790314594.450,distance_sensor_2,79,True
1790314596.518,distance_sensor_2,84,True
1790314599.833,distance_sensor_2,79,True
1790314600.463,distance_sensor_2,79,True
1790314601.900,distance_sensor_2,84,True
1790314620.827,distance_sensor_2,84,True
1790314623.334,distance_sensor_2,79,True
1790314628.698,distance_sensor_2,84,True
1790314629.316,distance_sensor_2,79,True
1790314633.297,distance_sensor_2,84,True
1790314636.215,distance_sensor_2,79,True
1790314640.134,distance_sensor_2,84,True
1790314641.165,distance_sensor_2,84,True
1790314642.645,distance_sensor_2,78,True
1790314644.090,distance_sensor_2,83,True
1790314661.596,distance_sensor_2,83,True
1790314681.849,distance_sensor_2,83,True
1790314702.333,distance_sensor_2,83,True
1790314703.777,distance_sensor_2,78,True
1790314704.417,distance_sensor_2,83,True
1790314722.749,distance_sensor_2,83,True
1790314743.031,distance_sensor_2,83,True
1790314763.426,distance_sensor_2,83,True
1790314766.933,distance_sensor_2,78,True
1790314768.995,distance_sensor_2,84,True
1790314772.514,distance_sensor_2,78,True
1790314774.366,distance_sensor_2,85,True
1790314774.982,distance_sensor_2,80,True
1790314783.749,distance_sensor_2,80,True
1790314784.379,distance_sensor_2,85,True
1790314786.849,distance_sensor_2,80,True
1790314791.398,distance_sensor_2,85,True
1790314796.764,distance_sensor_2,80,True
1790314804.197,distance_sensor_2,80,True
1790314807.727,distance_sensor_2,85,True
1790314810.643,distance_sensor_2,79,True
1790314811.246,distance_sensor_2,84,True
1790314824.662,distance_sensor_2,84,True
1790314844.944,distance_sensor_2,84,True
1790314849.898,distance_sensor_2,79,True
1790314852.396,distance_sensor_2,84,True
1790314853.017,distance_sensor_2,79,True
1790314854.465,distance_sensor_2,85,True
1790314864.986,distance_sensor_2,79,True
1790314865.398,distance_sensor_2,79,True
1790314865.818,distance_sensor_2,84,True
1790314870.779,distance_sensor_2,79,True
1790314872.846,distance_sensor_2,84,True
1790314875.330,distance_sensor_2,79,True
1790314879.897,distance_sensor_2,85,True
1790314880.732,distance_sensor_2,80,True
1790314885.282,distance_sensor_2,85,True
1790314885.713,distance_sensor_2,85,True
1790314885.714,distance_sensor_2,80,True
1790314906.131,distance_sensor_2,80,True
1790314914.181,distance_sensor_2,85,True
1790314920.998,distance_sensor_2,80,True
1790314923.495,distance_sensor_2,85,True
1790314926.583,distance_sensor_2,85,True
1790314932.030,distance_sensor_2,80,True
1790314942.864,distance_sensor_2,85,True
1790314946.964,distance_sensor_2,85,True
1790314956.281,distance_sensor_2,80,True
1790314957.946,distance_sensor_2,85,True
1790314967.232,distance_sensor_2,85,True
1790314970.318,distance_sensor_2,80,True
1790314977.745,distance_sensor_2,85,True
1790314978.175,distance_sensor_2,80,True
1790314985.245,distance_sensor_2,85,True
1790314987.546,distance_sensor_2,85,True
1790314992.163,distance_sensor_2,79,True
1790314996.065,distance_sensor_2,85,True
1790314996.681,distance_sensor_2,77,True
1790314997.098,distance_sensor_2,85,True
1790314997.714,distance_sensor_2,80,True
1790315001.666,distance_sensor_2,85,True
1790315002.078,distance_sensor_2,80,True
1790315005.563,distance_sensor_2,85,True
1790315008.065,distance_sensor_2,85,True
1790315009.144,distance_sensor_2,79,True
1790315009.581,distance_sensor_2,84,True
1790315012.028,distance_sensor_2,79,True
1790315014.081,distance_sensor_2,85,True
1790315014.498,distance_sensor_2,79,True
1790315015.929,distance_sensor_2,85,True
1790315018.420,distance_sensor_2,78,True
1790315020.081,distance_sensor_2,84,True
1790315028.383,distance_sensor_2,84,True
1790315041.848,distance_sensor_2,78,True
1790315042.879,distance_sensor_2,83,True
1790315046.815,distance_sensor_2,77,True
1790315047.416,distance_sensor_2,86,True
1790315048.430,distance_sensor_2,81,True
1790315048.859,distance_sensor_2,81,True
1790315055.879,distance_sensor_2,86,True
1790315060.196,distance_sensor_2,80,True
1790315064.764,distance_sensor_2,85,True
1790315069.078,distance_sensor_2,85,True
1790315071.146,distance_sensor_2,80,True
1790315073.214,distance_sensor_2,87,True
1790315074.247,distance_sensor_2,80,True
1790315079.627,distance_sensor_2,85,True
1790315083.094,distance_sensor_2,79,True
1790315083.710,distance_sensor_2,84,True
1790315089.545,distance_sensor_2,84,True
1790315094.132,distance_sensor_2,79,True
1790315094.546,distance_sensor_2,84,True
1790315098.065,distance_sensor_2,79,True
1790315101.981,distance_sensor_2,84,True
1790315110.013,distance_sensor_2,84,True
1790315110.014,distance_sensor_2,79,True
1790315111.044,distance_sensor_2,85,True
1790315112.081,distance_sensor_2,80,True
1790315116.413,distance_sensor_2,85,True
1790315117.029,distance_sensor_2,80,True
1790315121.844,distance_sensor_2,85,True
1790315123.927,distance_sensor_2,80,True
1790315126.845,distance_sensor_2,86,True
1790315130.364,distance_sensor_2,86,True
1790315132.414,distance_sensor_2,79,True
1790315137.745,distance_sensor_2,86,True
1790315140.828,distance_sensor_2,81,True
1790315150.796,distance_sensor_2,81,True
1790315157.627,distance_sensor_2,87,True
1790315158.664,distance_sensor_2,82,True
1790315171.030,distance_sensor_2,82,True
1790315175.193,distance_sensor_2,87,True
1790315175.613,distance_sensor_2,82,True
1790315177.095,distance_sensor_2,88,True
1790315177.511,distance_sensor_2,83,True
1790315191.513,distance_sensor_2,83,True
1790315211.940,distance_sensor_2,83,True
